<?xml version="1.0" encoding="UTF-8"?>
<!-- generated: 2008-09-24T16:40:05-07:00 -->
<!-- generated by: shishir [??] -->
<adag xmlns="http://pegasus.isi.edu/schema/DAX" xmlns:xsi="http://www.w3.org/2001/XMLSchema-instance" xsi:schemaLocation="http://pegasus.isi.edu/schema/DAX http://pegasus.isi.edu/schema/dax-2.1.xsd" version="2.1" count="1" index="0" name="test" jobCount="30" fileCount="0" childCount="28">
<!-- part 1: list of all referenced files (may be empty) -->
<!-- part 2: definition of all jobs (at least one) -->
  <job id="ID00000" namespace="CyberShake" name="ZipPSA" version="1.0" runtime="0.07">
    <uses file="Cybershake_PSA.zip" link="output" register="true" transfer="true" optional="false" type="data" size="202"/>
  </job>
  <job id="ID00001" namespace="CyberShake" name="ZipSeis" version="1.0" runtime="0.19">
    <uses file="Cybershake_Seismograms.zip" link="output" register="true" transfer="true" optional="false" type="data" size="43659"/>
  </job>
  <job id="ID00002" namespace="CyberShake" name="ExtractSGT" version="1.0" runtime="158.10">
    <uses file="FFI_0_1_fx.sgt" link="input" register="true" transfer="true" optional="false" type="data" size="20058636289"/>
    <uses file="FFI_0_1_fy.sgt" link="input" register="true" transfer="true" optional="false" type="data" size="20058636289"></uses>
    <uses file="FFI_0_1_subfx.sgt" link="output" register="true" transfer="true" optional="false" type="data" size="310892660"/>
    <uses file="FFI_0_1_subfy.sgt" link="output" register="true" transfer="true" optional="false" type="data" size="310892660"/>
    <uses file="FFI_0_1_txt.variation-s02730-h00000" link="input" register="true" transfer="true" optional="false" type="data" size="2132196"/>
  </job>
  <job id="ID00003" namespace="CyberShake" name="SeismogramSynthesis" version="1.0" runtime="39.06">
    <uses file="FFI_0_1_txt.variation-s09381-h00000" link="input" register="true" transfer="true" optional="false" type="data" size="5142343"/>
    <uses file="FFI_0_1_subfx.sgt" link="input" register="true" transfer="true" optional="false" type="data" size="310892660"/>
    <uses file="FFI_0_1_subfy.sgt" link="input" register="true" transfer="true" optional="false" type="data" size="310892660"/>
    <uses file="Seismogram_FFI_0_1_ID00003.grm" link="output" register="true" transfer="true" optional="false" type="data" size="24000"/>
  </job>
  <job id="ID00004" namespace="CyberShake" name="PeakValCalcOkaya" version="1.0" runtime="0.63">
    <uses file="Seismogram_FFI_0_1_ID00003.grm" link="input" register="true" transfer="true" optional="false" type="data" size="24000"/>
    <uses file="PeakVals_FFI_0_1_ID00003.bsa" link="output" register="true" transfer="true" optional="false" type="data" size="216"/>
  </job>
  <job id="ID00005" namespace="CyberShake" name="SeismogramSynthesis" version="1.0" runtime="38.49">
    <uses file="FFI_0_1_txt.variation-s04600-h00000" link="input" register="true" transfer="true" optional="false" type="data" size="2944381"/>
    <uses file="FFI_0_1_subfx.sgt" link="input" register="true" transfer="true" optional="false" type="data" size="345903971"/>
    <uses file="FFI_0_1_subfy.sgt" link="input" register="true" transfer="true" optional="false" type="data" size="345903971"/>
    <uses file="Seismogram_FFI_0_1_ID00005.grm" link="output" register="true" transfer="true" optional="false" type="data" size="24000"/>
  </job>
  <job id="ID00006" namespace="CyberShake" name="PeakValCalcOkaya" version="1.0" runtime="0.80">
    <uses file="Seismogram_FFI_0_1_ID00005.grm" link="input" register="true" transfer="true" optional="false" type="data" size="24000"/>
    <uses file="PeakVals_FFI_0_1_ID00005.bsa" link="output" register="true" transfer="true" optional="false" type="data" size="216"/>
  </job>
  <job id="ID00007" namespace="CyberShake" name="SeismogramSynthesis" version="1.0" runtime="36.27">
    <uses file="FFI_0_1_txt.variation-s07081-h00000" link="input" register="true" transfer="true" optional="false" type="data" size="5429265"/>
    <uses file="FFI_0_1_subfx.sgt" link="input" register="true" transfer="true" optional="false" type="data" size="290155186"/>
    <uses file="FFI_0_1_subfy.sgt" link="input" register="true" transfer="true" optional="false" type="data" size="290155186"/>
    <uses file="Seismogram_FFI_0_1_ID00007.grm" link="output" register="true" transfer="true" optional="false" type="data" size="24000"/>
  </job>
  <job id="ID00008" namespace="CyberShake" name="PeakValCalcOkaya" version="1.0" runtime="0.73">
    <uses file="Seismogram_FFI_0_1_ID00007.grm" link="input" register="true" transfer="true" optional="false" type="data" size="24000"/>
    <uses file="PeakVals_FFI_0_1_ID00007.bsa" link="output" register="true" transfer="true" optional="false" type="data" size="216"/>
  </job>
  <job id="ID00009" namespace="CyberShake" name="SeismogramSynthesis" version="1.0" runtime="32.29">
    <uses file="FFI_0_1_txt.variation-s01885-h00000" link="input" register="true" transfer="true" optional="false" type="data" size="3846184"/>
    <uses file="FFI_0_1_subfx.sgt" link="input" register="true" transfer="true" optional="false" type="data" size="266513571"/>
    <uses file="FFI_0_1_subfy.sgt" link="input" register="true" transfer="true" optional="false" type="data" size="266513571"/>
    <uses file="Seismogram_FFI_0_1_ID00009.grm" link="output" register="true" transfer="true" optional="false" type="data" size="24000"/>
  </job>
  <job id="ID00010" namespace="CyberShake" name="PeakValCalcOkaya" version="1.0" runtime="0.74">
    <uses file="Seismogram_FFI_0_1_ID00009.grm" link="input" register="true" transfer="true" optional="false" type="data" size="24000"/>
    <uses file="PeakVals_FFI_0_1_ID00009.bsa" link="output" register="true" transfer="true" optional="false" type="data" size="216"/>
  </job>
  <job id="ID00011" namespace="CyberShake" name="SeismogramSynthesis" version="1.0" runtime="62.25">
    <uses file="FFI_0_1_txt.variation-s02730-h00000" link="input" register="true" transfer="true" optional="false" type="data" size="2132196"/>
    <uses file="FFI_0_1_subfx.sgt" link="input" register="true" transfer="true" optional="false" type="data" size="334189673"/>
    <uses file="FFI_0_1_subfy.sgt" link="input" register="true" transfer="true" optional="false" type="data" size="334189673"/>
    <uses file="Seismogram_FFI_0_1_ID00011.grm" link="output" register="true" transfer="true" optional="false" type="data" size="24000"/>
  </job>
  <job id="ID00012" namespace="CyberShake" name="PeakValCalcOkaya" version="1.0" runtime="1.42">
    <uses file="Seismogram_FFI_0_1_ID00011.grm" link="input" register="true" transfer="true" optional="false" type="data" size="24000"/>
    <uses file="PeakVals_FFI_0_1_ID00011.bsa" link="output" register="true" transfer="true" optional="false" type="data" size="216"/>
  </job>
  <job id="ID00013" namespace="CyberShake" name="ExtractSGT" version="1.0" runtime="96.91">
    <uses file="FFI_0_2_fx.sgt" link="input" register="true" transfer="true" optional="false" type="data" size="20060428434"/>
    <uses file="FFI_0_2_fy.sgt" link="input" register="true" transfer="true" optional="false" type="data" size="20060428434"/>
    <uses file="FFI_0_2_subfx.sgt" link="output" register="true" transfer="true" optional="false" type="data" size="273965139"/>
    <uses file="FFI_0_2_subfy.sgt" link="output" register="true" transfer="true" optional="false" type="data" size="273965139"/>
    <uses file="FFI_0_2_txt.variation-s08980-h00000" link="input" register="true" transfer="true" optional="false" type="data" size="4051652"/>
  </job>
  <job id="ID00014" namespace="CyberShake" name="SeismogramSynthesis" version="1.0" runtime="47.44">
    <uses file="FFI_0_2_txt.variation-s02642-h00000" link="input" register="true" transfer="true" optional="false" type="data" size="4225806"/>
    <uses file="FFI_0_2_subfx.sgt" link="input" register="true" transfer="true" optional="false" type="data" size="273965139"/>
    <uses file="FFI_0_2_subfy.sgt" link="input" register="true" transfer="true" optional="false" type="data" size="273965139"/>
    <uses file="Seismogram_FFI_0_2_ID00014.grm" link="output" register="true" transfer="true" optional="false" type="data" size="24000"/>
  </job>
  <job id="ID00015" namespace="CyberShake" name="PeakValCalcOkaya" version="1.0" runtime="1.53">
    <uses file="Seismogram_FFI_0_2_ID00014.grm" link="input" register="true" transfer="true" optional="false" type="data" size="24000"/>
    <uses file="PeakVals_FFI_0_2_ID00014.bsa" link="output" register="true" transfer="true" optional="false" type="data" size="216"/>
  </job>
  <job id="ID00016" namespace="CyberShake" name="SeismogramSynthesis" version="1.0" runtime="45.60">
    <uses file="FFI_0_2_txt.variation-s02894-h00000" link="input" register="true" transfer="true" optional="false" type="data" size="2997206"/>
    <uses file="FFI_0_2_subfx.sgt" link="input" register="true" transfer="true" optional="false" type="data" size="224687895"/>
    <uses file="FFI_0_2_subfy.sgt" link="input" register="true" transfer="true" optional="false" type="data" size="224687895"/>
    <uses file="Seismogram_FFI_0_2_ID00016.grm" link="output" register="true" transfer="true" optional="false" type="data" size="24000"/>
  </job>
  <job id="ID00017" namespace="CyberShake" name="PeakValCalcOkaya" version="1.0" runtime="1.53">
    <uses file="Seismogram_FFI_0_2_ID00016.grm" link="input" register="true" transfer="true" optional="false" type="data" size="24000"/>
    <uses file="PeakVals_FFI_0_2_ID00016.bsa" link="output" register="true" transfer="true" optional="false" type="data" size="216"/>
  </job>
  <job id="ID00018" namespace="CyberShake" name="SeismogramSynthesis" version="1.0" runtime="28.67">
    <uses file="FFI_0_2_txt.variation-s04681-h00000" link="input" register="true" transfer="true" optional="false" type="data" size="2537383"/>
    <uses file="FFI_0_2_subfx.sgt" link="input" register="true" transfer="true" optional="false" type="data" size="250101424"/>
    <uses file="FFI_0_2_subfy.sgt" link="input" register="true" transfer="true" optional="false" type="data" size="250101424"/>
    <uses file="Seismogram_FFI_0_2_ID00018.grm" link="output" register="true" transfer="true" optional="false" type="data" size="24000"/>
  </job>
  <job id="ID00019" namespace="CyberShake" name="PeakValCalcOkaya" version="1.0" runtime="1.36">
    <uses file="Seismogram_FFI_0_2_ID00018.grm" link="input" register="true" transfer="true" optional="false" type="data" size="24000"/>
    <uses file="PeakVals_FFI_0_2_ID00018.bsa" link="output" register="true" transfer="true" optional="false" type="data" size="216"/>
  </job>
  <job id="ID00020" namespace="CyberShake" name="SeismogramSynthesis" version="1.0" runtime="24.56">
    <uses file="FFI_0_2_txt.variation-s09706-h00000" link="input" register="true" transfer="true" optional="false" type="data" size="2342116"/>
    <uses file="FFI_0_2_subfx.sgt" link="input" register="true" transfer="true" optional="false" type="data" size="310911208"/>
    <uses file="FFI_0_2_subfy.sgt" link="input" register="true" transfer="true" optional="false" type="data" size="310911208"/>
    <uses file="Seismogram_FFI_0_2_ID00020.grm" link="output" register="true" transfer="true" optional="false" type="data" size="24000"/>
  </job>
  <job id="ID00021" namespace="CyberShake" name="PeakValCalcOkaya" version="1.0" runtime="1.36">
    <uses file="Seismogram_FFI_0_2_ID00020.grm" link="input" register="true" transfer="true" optional="false" type="data" size="24000"/>
    <uses file="PeakVals_FFI_0_2_ID00020.bsa" link="output" register="true" transfer="true" optional="false" type="data" size="216"/>
  </job>
  <job id="ID00022" namespace="CyberShake" name="SeismogramSynthesis" version="1.0" runtime="31.05">
    <uses file="FFI_0_2_txt.variation-s03599-h00000" link="input" register="true" transfer="true" optional="false" type="data" size="5521562"/>
    <uses file="FFI_0_2_subfx.sgt" link="input" register="true" transfer="true" optional="false" type="data" size="210515722"/>
    <uses file="FFI_0_2_subfy.sgt" link="input" register="true" transfer="true" optional="false" type="data" size="210515722"/>
    <uses file="Seismogram_FFI_0_2_ID00022.grm" link="output" register="true" transfer="true" optional="false" type="data" size="24000"/>
  </job>
  <job id="ID00023" namespace="CyberShake" name="PeakValCalcOkaya" version="1.0" runtime="1.43">
    <uses file="Seismogram_FFI_0_2_ID00022.grm" link="input" register="true" transfer="true" optional="false" type="data" size="24000"/>
    <uses file="PeakVals_FFI_0_2_ID00022.bsa" link="output" register="true" transfer="true" optional="false" type="data" size="216"/>
  </job>
  <job id="ID00024" namespace="CyberShake" name="SeismogramSynthesis" version="1.0" runtime="54.87">
    <uses file="FFI_0_2_txt.variation-s02301-h00000" link="input" register="true" transfer="true" optional="false" type="data" size="2901760"/>
    <uses file="FFI_0_2_subfx.sgt" link="input" register="true" transfer="true" optional="false" type="data" size="256453559"/>
    <uses file="FFI_0_2_subfy.sgt" link="input" register="true" transfer="true" optional="false" type="data" size="256453559"/>
    <uses file="Seismogram_FFI_0_2_ID00024.grm" link="output" register="true" transfer="true" optional="false" type="data" size="24000"/>
  </job>
  <job id="ID00025" namespace="CyberShake" name="PeakValCalcOkaya" version="1.0" runtime="0.78">
    <uses file="Seismogram_FFI_0_2_ID00024.grm" link="input" register="true" transfer="true" optional="false" type="data" size="24000"/>
    <uses file="PeakVals_FFI_0_2_ID00024.bsa" link="output" register="true" transfer="true" optional="false" type="data" size="216"/>
  </job>
  <job id="ID00026" namespace="CyberShake" name="SeismogramSynthesis" version="1.0" runtime="23.99">
    <uses file="FFI_0_2_txt.variation-s08761-h00000" link="input" register="true" transfer="true" optional="false" type="data" size="3355325"/>
    <uses file="FFI_0_2_subfx.sgt" link="input" register="true" transfer="true" optional="false" type="data" size="339060046"/>
    <uses file="FFI_0_2_subfy.sgt" link="input" register="true" transfer="true" optional="false" type="data" size="339060046"/>
    <uses file="Seismogram_FFI_0_2_ID00026.grm" link="output" register="true" transfer="true" optional="false" type="data" size="24000"/>
  </job>
  <job id="ID00027" namespace="CyberShake" name="PeakValCalcOkaya" version="1.0" runtime="1.10">
    <uses file="Seismogram_FFI_0_2_ID00026.grm" link="input" register="true" transfer="true" optional="false" type="data" size="24000"/>
    <uses file="PeakVals_FFI_0_2_ID00026.bsa" link="output" register="true" transfer="true" optional="false" type="data" size="216"/>
  </job>
  <job id="ID00028" namespace="CyberShake" name="SeismogramSynthesis" version="1.0" runtime="26.46">
    <uses file="FFI_0_2_txt.variation-s08980-h00000" link="input" register="true" transfer="true" optional="false" type="data" size="4051652"/>
    <uses file="FFI_0_2_subfx.sgt" link="input" register="true" transfer="true" optional="false" type="data" size="218687932"/>
    <uses file="FFI_0_2_subfy.sgt" link="input" register="true" transfer="true" optional="false" type="data" size="218687932"/>
    <uses file="Seismogram_FFI_0_2_ID00028.grm" link="output" register="true" transfer="true" optional="false" type="data" size="24000"/>
  </job>
  <job id="ID00029" namespace="CyberShake" name="PeakValCalcOkaya" version="1.0" runtime="0.85">
    <uses file="Seismogram_FFI_0_2_ID00028.grm" link="input" register="true" transfer="true" optional="false" type="data" size="24000"/>
    <uses file="PeakVals_FFI_0_2_ID00028.bsa" link="output" register="true" transfer="true" optional="false" type="data" size="216"/>
  </job>
<!-- part 3: list of control-flow dependencies (may be empty) -->
  <child ref="ID00000">
    <parent ref="ID00006"/>
    <parent ref="ID00004"/>
    <parent ref="ID00008"/>
    <parent ref="ID00012"/>
    <parent ref="ID00021"/>
    <parent ref="ID00010"/>
    <parent ref="ID00023"/>
    <parent ref="ID00025"/>
    <parent ref="ID00017"/>
    <parent ref="ID00027"/>
    <parent ref="ID00015"/>
    <parent ref="ID00029"/>
    <parent ref="ID00019"/>
  </child>
  <child ref="ID00001">
    <parent ref="ID00005"/>
    <parent ref="ID00003"/>
    <parent ref="ID00009"/>
    <parent ref="ID00007"/>
    <parent ref="ID00020"/>
    <parent ref="ID00022"/>
    <parent ref="ID00011"/>
    <parent ref="ID00024"/>
    <parent ref="ID00016"/>
    <parent ref="ID00026"/>
    <parent ref="ID00014"/>
    <parent ref="ID00028"/>
    <parent ref="ID00018"/>
  </child>
  <child ref="ID00003">
    <parent ref="ID00002"/>
  </child>
  <child ref="ID00004">
    <parent ref="ID00003"/>
  </child>
  <child ref="ID00005">
    <parent ref="ID00002"/>
  </child>
  <child ref="ID00006">
    <parent ref="ID00005"/>
  </child>
  <child ref="ID00007">
    <parent ref="ID00002"/>
  </child>
  <child ref="ID00008">
    <parent ref="ID00007"/>
  </child>
  <child ref="ID00009">
    <parent ref="ID00002"/>
  </child>
  <child ref="ID00010">
    <parent ref="ID00009"/>
  </child>
  <child ref="ID00011">
    <parent ref="ID00002"/>
  </child>
  <child ref="ID00012">
    <parent ref="ID00011"/>
  </child>
  <child ref="ID00014">
    <parent ref="ID00013"/>
  </child>
  <child ref="ID00015">
    <parent ref="ID00014"/>
  </child>
  <child ref="ID00016">
    <parent ref="ID00013"/>
  </child>
  <child ref="ID00017">
    <parent ref="ID00016"/>
  </child>
  <child ref="ID00018">
    <parent ref="ID00013"/>
  </child>
  <child ref="ID00019">
    <parent ref="ID00018"/>
  </child>
  <child ref="ID00020">
    <parent ref="ID00013"/>
  </child>
  <child ref="ID00021">
    <parent ref="ID00020"/>
  </child>
  <child ref="ID00022">
    <parent ref="ID00013"/>
  </child>
  <child ref="ID00023">
    <parent ref="ID00022"/>
  </child>
  <child ref="ID00024">
    <parent ref="ID00013"/>
  </child>
  <child ref="ID00025">
    <parent ref="ID00024"/>
  </child>
  <child ref="ID00026">
    <parent ref="ID00013"/>
  </child>
  <child ref="ID00027">
    <parent ref="ID00026"/>
  </child>
  <child ref="ID00028">
    <parent ref="ID00013"/>
  </child>
  <child ref="ID00029">
    <parent ref="ID00028"/>
  </child>
</adag>
