<?xml version="1.0" encoding="UTF-8"?>
<!-- generated: 2018-12-11T10:32:05+08:00 -->
<!-- generated by: 门 [??] -->
<adag xmlns="http://pegasus.isi.edu/schema/DAX" xmlns:xsi="http://www.w3.org/2001/XMLSchema-instance" xsi:schemaLocation="http://pegasus.isi.edu/schema/DAX http://pegasus.isi.edu/schema/dax-2.1.xsd" version="2.1" count="1" index="0" name="test" jobCount="20" fileCount="0" childCount="16">
<!-- part 1: list of all referenced files (may be empty) -->
<!-- part 2: definition of all jobs (at least one) -->
  <job id="ID00000" namespace="Montage" name="mProjectPP" version="1.0" runtime="13.45">
    <uses file="region.hdr" link="input" register="true" transfer="true" optional="false" type="data" size="304"/>
    <uses file="2mass-atlas-ID00000s-jID00000.fits" link="input" register="true" transfer="true" optional="false" type="data" size="4222080"/>
    <uses file="p2mass-atlas-ID00000s-jID00000.fits" link="output" register="false" transfer="false" optional="false" type="data" size="4149775"></uses>
    <uses file="p2mass-atlas-ID00000s-jID00000_area.fits" link="output" register="false" transfer="false" optional="false" type="data" size="4149775"/>
  </job>
  <job id="ID00001" namespace="Montage" name="mProjectPP" version="1.0" runtime="13.86">
    <uses file="region.hdr" link="input" register="true" transfer="true" optional="false" type="data" size="304"/>
    <uses file="2mass-atlas-ID00001s-jID00001.fits" link="input" register="true" transfer="true" optional="false" type="data" size="4222080"/>
    <uses file="p2mass-atlas-ID00001s-jID00001.fits" link="output" register="false" transfer="false" optional="false" type="data" size="4174190"/>
    <uses file="p2mass-atlas-ID00001s-jID00001_area.fits" link="output" register="false" transfer="false" optional="false" type="data" size="4174190"/>
  </job>
  <job id="ID00002" namespace="Montage" name="mProjectPP" version="1.0" runtime="13.50">
    <uses file="region.hdr" link="input" register="true" transfer="true" optional="false" type="data" size="304"/>
    <uses file="2mass-atlas-ID00002s-jID00002.fits" link="input" register="true" transfer="true" optional="false" type="data" size="4222080"/>
    <uses file="p2mass-atlas-ID00002s-jID00002.fits" link="output" register="false" transfer="false" optional="false" type="data" size="4144795"/>
    <uses file="p2mass-atlas-ID00002s-jID00002_area.fits" link="output" register="false" transfer="false" optional="false" type="data" size="4144795"/>
  </job>
  <job id="ID00003" namespace="Montage" name="mProjectPP" version="1.0" runtime="13.46">
    <uses file="region.hdr" link="input" register="true" transfer="true" optional="false" type="data" size="304"/>
    <uses file="2mass-atlas-ID00003s-jID00003.fits" link="input" register="true" transfer="true" optional="false" type="data" size="4222080"/>
    <uses file="p2mass-atlas-ID00003s-jID00003.fits" link="output" register="false" transfer="false" optional="false" type="data" size="4146849"/>
    <uses file="p2mass-atlas-ID00003s-jID00003_area.fits" link="output" register="false" transfer="false" optional="false" type="data" size="4146849"/>
  </job>
  <job id="ID00004" namespace="Montage" name="mDiffFit" version="1.0" runtime="10.80">
    <uses file="region.hdr" link="input" register="true" transfer="true" optional="false" type="data" size="304"/>
    <uses file="p2mass-atlas-ID00000s-jID00000.fits" link="input" register="false" transfer="false" optional="false" type="data" size="4149775"/>
    <uses file="p2mass-atlas-ID00000s-jID00000_area.fits" link="input" register="false" transfer="false" optional="false" type="data" size="4149775"/>
    <uses file="fitID00004.txt" link="output" register="false" transfer="false" optional="false" type="data" size="275"/>
    <uses file="diffID00004.txt" link="output" register="false" transfer="false" optional="false" type="data" size="214654"/>
  </job>
  <job id="ID00005" namespace="Montage" name="mDiffFit" version="1.0" runtime="10.57">
    <uses file="region.hdr" link="input" register="true" transfer="true" optional="false" type="data" size="304"/>
    <uses file="p2mass-atlas-ID00000s-jID00000.fits" link="input" register="false" transfer="false" optional="false" type="data" size="4150670"/>
    <uses file="p2mass-atlas-ID00000s-jID00000_area.fits" link="input" register="false" transfer="false" optional="false" type="data" size="4150670"/>
    <uses file="p2mass-atlas-ID00001s-jID00001.fits" link="input" register="false" transfer="false" optional="false" type="data" size="4174190"/>
    <uses file="p2mass-atlas-ID00001s-jID00001_area.fits" link="input" register="false" transfer="false" optional="false" type="data" size="4174190"/>
    <uses file="fitID00005.txt" link="output" register="false" transfer="false" optional="false" type="data" size="290"/>
    <uses file="diffID00005.txt" link="output" register="false" transfer="false" optional="false" type="data" size="286481"/>
  </job>
  <job id="ID00006" namespace="Montage" name="mDiffFit" version="1.0" runtime="10.49">
    <uses file="region.hdr" link="input" register="true" transfer="true" optional="false" type="data" size="304"/>
    <uses file="p2mass-atlas-ID00000s-jID00000.fits" link="input" register="false" transfer="false" optional="false" type="data" size="4145319"/>
    <uses file="p2mass-atlas-ID00000s-jID00000_area.fits" link="input" register="false" transfer="false" optional="false" type="data" size="4145319"/>
    <uses file="p2mass-atlas-ID00003s-jID00003.fits" link="input" register="false" transfer="false" optional="false" type="data" size="4146849"/>
    <uses file="p2mass-atlas-ID00003s-jID00003_area.fits" link="input" register="false" transfer="false" optional="false" type="data" size="4146849"/>
    <uses file="fitID00006.txt" link="output" register="false" transfer="false" optional="false" type="data" size="271"/>
    <uses file="diffID00006.txt" link="output" register="false" transfer="false" optional="false" type="data" size="370911"/>
  </job>
  <job id="ID00007" namespace="Montage" name="mDiffFit" version="1.0" runtime="10.52">
    <uses file="region.hdr" link="input" register="true" transfer="true" optional="false" type="data" size="304"/>
    <uses file="p2mass-atlas-ID00001s-jID00001.fits" link="input" register="false" transfer="false" optional="false" type="data" size="4160666"/>
    <uses file="p2mass-atlas-ID00001s-jID00001_area.fits" link="input" register="false" transfer="false" optional="false" type="data" size="4160666"/>
    <uses file="p2mass-atlas-ID00003s-jID00003.fits" link="input" register="false" transfer="false" optional="false" type="data" size="4156440"/>
    <uses file="p2mass-atlas-ID00003s-jID00003_area.fits" link="input" register="false" transfer="false" optional="false" type="data" size="4156440"/>
    <uses file="fitID00007.txt" link="output" register="false" transfer="false" optional="false" type="data" size="267"/>
    <uses file="diffID00007.txt" link="output" register="false" transfer="false" optional="false" type="data" size="279008"/>
  </job>
  <job id="ID00008" namespace="Montage" name="mDiffFit" version="1.0" runtime="10.59">
    <uses file="region.hdr" link="input" register="true" transfer="true" optional="false" type="data" size="304"/>
    <uses file="p2mass-atlas-ID00002s-jID00002.fits" link="input" register="false" transfer="false" optional="false" type="data" size="4144795"/>
    <uses file="p2mass-atlas-ID00002s-jID00002_area.fits" link="input" register="false" transfer="false" optional="false" type="data" size="4144795"/>
    <uses file="fitID00008.txt" link="output" register="false" transfer="false" optional="false" type="data" size="262"/>
    <uses file="diffID00008.txt" link="output" register="false" transfer="false" optional="false" type="data" size="190079"/>
  </job>
  <job id="ID00009" namespace="Montage" name="mDiffFit" version="1.0" runtime="10.54">
    <uses file="region.hdr" link="input" register="true" transfer="true" optional="false" type="data" size="304"/>
    <uses file="p2mass-atlas-ID00002s-jID00002.fits" link="input" register="false" transfer="false" optional="false" type="data" size="4172675"/>
    <uses file="p2mass-atlas-ID00002s-jID00002_area.fits" link="input" register="false" transfer="false" optional="false" type="data" size="4172675"/>
    <uses file="p2mass-atlas-ID00003s-jID00003.fits" link="input" register="false" transfer="false" optional="false" type="data" size="4161041"/>
    <uses file="p2mass-atlas-ID00003s-jID00003_area.fits" link="input" register="false" transfer="false" optional="false" type="data" size="4161041"/>
    <uses file="fitID00009.txt" link="output" register="false" transfer="false" optional="false" type="data" size="258"/>
    <uses file="diffID00009.txt" link="output" register="false" transfer="false" optional="false" type="data" size="353328"/>
  </job>
  <job id="ID00010" namespace="Montage" name="mConcatFit" version="1.0" runtime="0.48">
    <uses file="fits_list.tbl" link="input" register="true" transfer="true" optional="false" type="data" size="163"/>
    <uses file="fitID00004.txt" link="input" register="false" transfer="false" optional="false" type="data" size="275"/>
    <uses file="diffID00004.txt" link="input" register="false" transfer="false" optional="false" type="data" size="214654"/>
    <uses file="fitID00005.txt" link="input" register="false" transfer="false" optional="false" type="data" size="290"/>
    <uses file="diffID00005.txt" link="input" register="false" transfer="false" optional="false" type="data" size="286481"/>
    <uses file="fitID00006.txt" link="input" register="false" transfer="false" optional="false" type="data" size="271"/>
    <uses file="diffID00006.txt" link="input" register="false" transfer="false" optional="false" type="data" size="370911"/>
    <uses file="fitID00007.txt" link="input" register="false" transfer="false" optional="false" type="data" size="267"/>
    <uses file="diffID00007.txt" link="input" register="false" transfer="false" optional="false" type="data" size="279008"/>
    <uses file="fitID00008.txt" link="input" register="false" transfer="false" optional="false" type="data" size="262"/>
    <uses file="diffID00008.txt" link="input" register="false" transfer="false" optional="false" type="data" size="190079"/>
    <uses file="fitID00009.txt" link="input" register="false" transfer="false" optional="false" type="data" size="258"/>
    <uses file="diffID00009.txt" link="input" register="false" transfer="false" optional="false" type="data" size="353328"/>
    <uses file="fits.tbl" link="output" register="false" transfer="false" optional="false" type="data" size="1259"/>
  </job>
  <job id="ID00011" namespace="Montage" name="mBgModel" version="1.0" runtime="0.77">
    <uses file="pimages.tbl" link="input" register="true" transfer="true" optional="false" type="data" size="670"></uses>
    <uses file="fits.tbl" link="input" register="false" transfer="false" optional="false" type="data" size="1259"/>
    <uses file="corrections.tbl" link="output" register="false" transfer="false" optional="false" type="data" size="212"/>
  </job>
  <job id="ID00012" namespace="Montage" name="mBackground" version="1.0" runtime="10.81">
    <uses file="corrections.tbl" link="input" register="false" transfer="false" optional="false" type="data" size="212"/>
    <uses file="p2mass-atlas-ID00000s-jID00000.fits" link="input" register="false" transfer="false" optional="false" type="data" size="4146170"/>
    <uses file="p2mass-atlas-ID00000s-jID00000_area.fits" link="input" register="false" transfer="false" optional="false" type="data" size="4146170"/>
    <uses file="c2mass-atlas-ID00000s-jID00000.fits" link="output" register="false" transfer="false" optional="false" type="data" size="4146170"/>
    <uses file="c2mass-atlas-ID00000s-jID00000_area.fits" link="output" register="false" transfer="false" optional="false" type="data" size="4146170"/>
  </job>
  <job id="ID00013" namespace="Montage" name="mBackground" version="1.0" runtime="10.55">
    <uses file="corrections.tbl" link="input" register="false" transfer="false" optional="false" type="data" size="212"/>
    <uses file="p2mass-atlas-ID00001s-jID00001.fits" link="input" register="false" transfer="false" optional="false" type="data" size="4157978"/>
    <uses file="p2mass-atlas-ID00001s-jID00001_area.fits" link="input" register="false" transfer="false" optional="false" type="data" size="4157978"/>
    <uses file="c2mass-atlas-ID00001s-jID00001_area.fits" link="output" register="false" transfer="false" optional="false" type="data" size="4157978"/>
    <uses file="c2mass-atlas-ID00001s-jID00001.fits" link="output" register="false" transfer="false" optional="false" type="data" size="4157978"/>
  </job>
  <job id="ID00014" namespace="Montage" name="mBackground" version="1.0" runtime="10.68">
    <uses file="corrections.tbl" link="input" register="false" transfer="false" optional="false" type="data" size="212"/>
    <uses file="p2mass-atlas-ID00002s-jID00002.fits" link="input" register="false" transfer="false" optional="false" type="data" size="4146249"/>
    <uses file="p2mass-atlas-ID00002s-jID00002_area.fits" link="input" register="false" transfer="false" optional="false" type="data" size="4146249"/>
    <uses file="c2mass-atlas-ID00002s-jID00002.fits" link="output" register="false" transfer="false" optional="false" type="data" size="4146249"/>
    <uses file="c2mass-atlas-ID00002s-jID00002_area.fits" link="output" register="false" transfer="false" optional="false" type="data" size="4146249"/>
  </job>
  <job id="ID00015" namespace="Montage" name="mBackground" version="1.0" runtime="10.89">
    <uses file="corrections.tbl" link="input" register="false" transfer="false" optional="false" type="data" size="212"/>
    <uses file="p2mass-atlas-ID00003s-jID00003.fits" link="input" register="false" transfer="false" optional="false" type="data" size="4166943"/>
    <uses file="p2mass-atlas-ID00003s-jID00003_area.fits" link="input" register="false" transfer="false" optional="false" type="data" size="4166943"/>
    <uses file="c2mass-atlas-ID00003s-jID00003_area.fits" link="output" register="false" transfer="false" optional="false" type="data" size="4166943"/>
    <uses file="c2mass-atlas-ID00003s-jID00003.fits" link="output" register="false" transfer="false" optional="false" type="data" size="4166943"/>
  </job>
  <job id="ID00016" namespace="Montage" name="mImgTbl" version="1.0" runtime="1.48">
    <uses file="cimages.tbl" link="input" register="true" transfer="true" optional="false" type="data" size="670"/>
    <uses file="c2mass-atlas-ID00000s-jID00000.fits" link="input" register="false" transfer="false" optional="false" type="data" size="4146170"/>
    <uses file="c2mass-atlas-ID00000s-jID00000_area.fits" link="input" register="false" transfer="false" optional="false" type="data" size="4146170"/>
    <uses file="c2mass-atlas-ID00001s-jID00001_area.fits" link="input" register="false" transfer="false" optional="false" type="data" size="4157978"/>
    <uses file="c2mass-atlas-ID00001s-jID00001.fits" link="input" register="false" transfer="false" optional="false" type="data" size="4157978"/>
    <uses file="c2mass-atlas-ID00002s-jID00002.fits" link="input" register="false" transfer="false" optional="false" type="data" size="4146249"/>
    <uses file="c2mass-atlas-ID00002s-jID00002_area.fits" link="input" register="false" transfer="false" optional="false" type="data" size="4146249"/>
    <uses file="c2mass-atlas-ID00003s-jID00003_area.fits" link="input" register="false" transfer="false" optional="false" type="data" size="4166943"/>
    <uses file="c2mass-atlas-ID00003s-jID00003.fits" link="input" register="false" transfer="false" optional="false" type="data" size="4166943"/>
    <uses file="newcimages.tbl" link="output" register="false" transfer="false" optional="false" type="data" size="1516"/>
  </job>
  <job id="ID00017" namespace="Montage" name="mAdd" version="1.0" runtime="2.40">
    <uses file="region.hdr" link="input" register="true" transfer="true" optional="false" type="data" size="304"/>
    <uses file="newcimages.tbl" link="input" register="false" transfer="false" optional="false" type="data" size="1516"/>
    <uses file="mosaic_ID00017_ID00017.fits" link="output" register="false" transfer="false" optional="false" type="data" size="49036914"/>
    <uses file="mosaic_ID00017_ID00017_area.fits" link="output" register="false" transfer="false" optional="false" type="data" size="49036914"/>
  </job>
  <job id="ID00018" namespace="Montage" name="mShrink" version="1.0" runtime="3.45">
    <uses file="mosaic_ID00017_ID00017.fits" link="input" register="false" transfer="false" optional="false" type="data" size="49036914"/>
    <uses file="mosaic_ID00017_ID00017_area.fits" link="input" register="false" transfer="false" optional="false" type="data" size="49036914"/>
    <uses file="shrunken_ID00018_ID00018.fits" link="output" register="false" transfer="false" optional="false" type="data" size="1962261"/>
  </job>
  <job id="ID00019" namespace="Montage" name="mJPEG" version="1.0" runtime="0.35">
    <uses file="shrunken_ID00018_ID00018.fits" link="input" register="false" transfer="false" optional="false" type="data" size="1962261"/>
    <uses file="shrunken_ID00018_ID00018.jpg" link="output" register="true" transfer="true" optional="false" type="data" size="181372"/>
  </job>
<!-- part 3: list of control-flow dependencies (may be empty) -->
  <child ref="ID00004">
    <parent ref="ID00000"/>
  </child>
  <child ref="ID00005">
    <parent ref="ID00001"/>
    <parent ref="ID00000"/>
  </child>
  <child ref="ID00006">
    <parent ref="ID00003"/>
    <parent ref="ID00000"/>
  </child>
  <child ref="ID00007">
    <parent ref="ID00003"/>
    <parent ref="ID00001"/>
  </child>
  <child ref="ID00008">
    <parent ref="ID00002"/>
  </child>
  <child ref="ID00009">
    <parent ref="ID00003"/>
    <parent ref="ID00002"/>
  </child>
  <child ref="ID00010">
    <parent ref="ID00006"/>
    <parent ref="ID00005"/>
    <parent ref="ID00004"/>
    <parent ref="ID00009"/>
    <parent ref="ID00008"/>
    <parent ref="ID00007"/>
  </child>
  <child ref="ID00011">
    <parent ref="ID00010"/>
  </child>
  <child ref="ID00012">
    <parent ref="ID00011"/>
    <parent ref="ID00000"/>
  </child>
  <child ref="ID00013">
    <parent ref="ID00001"/>
    <parent ref="ID00011"/>
  </child>
  <child ref="ID00014">
    <parent ref="ID00002"/>
    <parent ref="ID00011"/>
  </child>
  <child ref="ID00015">
    <parent ref="ID00003"/>
    <parent ref="ID00011"/>
  </child>
  <child ref="ID00016">
    <parent ref="ID00015"/>
    <parent ref="ID00014"/>
    <parent ref="ID00013"/>
    <parent ref="ID00012"/>
  </child>
  <child ref="ID00017">
    <parent ref="ID00016"/>
  </child>
  <child ref="ID00018">
    <parent ref="ID00017"/>
  </child>
  <child ref="ID00019">
    <parent ref="ID00018"/>
  </child>
</adag>
