<?xml version="1.0" encoding="UTF-8"?>
<!-- generated: 2018-12-11T10:32:05+08:00 -->
<!-- generated by: 门 [??] -->
<adag xmlns="http://pegasus.isi.edu/schema/DAX" xmlns:xsi="http://www.w3.org/2001/XMLSchema-instance" xsi:schemaLocation="http://pegasus.isi.edu/schema/DAX http://pegasus.isi.edu/schema/dax-2.1.xsd" version="2.1" count="1" index="0" name="test" jobCount="80" fileCount="0" childCount="68">
<!-- part 1: list of all referenced files (may be empty) -->
<!-- part 2: definition of all jobs (at least one) -->
  <job id="ID00000" namespace="Montage" name="mProjectPP" version="1.0" runtime="13.44">
    <uses file="region.hdr" link="input" register="true" transfer="true" optional="false" type="data" size="304"/>
    <uses file="2mass-atlas-ID00000s-jID00000.fits" link="input" register="true" transfer="true" optional="false" type="data" size="4222080"/>
    <uses file="p2mass-atlas-ID00000s-jID00000.fits" link="output" register="false" transfer="false" optional="false" type="data" size="4153735"/>
    <uses file="p2mass-atlas-ID00000s-jID00000_area.fits" link="output" register="false" transfer="false" optional="false" type="data" size="4153735"/>
  </job>
  <job id="ID00001" namespace="Montage" name="mProjectPP" version="1.0" runtime="13.88">
    <uses file="region.hdr" link="input" register="true" transfer="true" optional="false" type="data" size="304"/>
    <uses file="2mass-atlas-ID00001s-jID00001.fits" link="input" register="true" transfer="true" optional="false" type="data" size="4222080"/>
    <uses file="p2mass-atlas-ID00001s-jID00001.fits" link="output" register="false" transfer="false" optional="false" type="data" size="4167042"/>
    <uses file="p2mass-atlas-ID00001s-jID00001_area.fits" link="output" register="false" transfer="false" optional="false" type="data" size="4167042"/>
  </job>
  <job id="ID00002" namespace="Montage" name="mProjectPP" version="1.0" runtime="13.18">
    <uses file="region.hdr" link="input" register="true" transfer="true" optional="false" type="data" size="304"/>
    <uses file="2mass-atlas-ID00002s-jID00002.fits" link="input" register="true" transfer="true" optional="false" type="data" size="4222080"/>
    <uses file="p2mass-atlas-ID00002s-jID00002.fits" link="output" register="false" transfer="false" optional="false" type="data" size="4162674"/>
    <uses file="p2mass-atlas-ID00002s-jID00002_area.fits" link="output" register="false" transfer="false" optional="false" type="data" size="4162674"/>
  </job>
  <job id="ID00003" namespace="Montage" name="mProjectPP" version="1.0" runtime="13.80">
    <uses file="region.hdr" link="input" register="true" transfer="true" optional="false" type="data" size="304"/>
    <uses file="2mass-atlas-ID00003s-jID00003.fits" link="input" register="true" transfer="true" optional="false" type="data" size="4222080"/>
    <uses file="p2mass-atlas-ID00003s-jID00003.fits" link="output" register="false" transfer="false" optional="false" type="data" size="4162138"/>
    <uses file="p2mass-atlas-ID00003s-jID00003_area.fits" link="output" register="false" transfer="false" optional="false" type="data" size="4162138"/>
  </job>
  <job id="ID00004" namespace="Montage" name="mProjectPP" version="1.0" runtime="13.24">
    <uses file="region.hdr" link="input" register="true" transfer="true" optional="false" type="data" size="304"/>
    <uses file="2mass-atlas-ID00004s-jID00004.fits" link="input" register="true" transfer="true" optional="false" type="data" size="4222080"/>
    <uses file="p2mass-atlas-ID00004s-jID00004.fits" link="output" register="false" transfer="false" optional="false" type="data" size="4157123"/>
    <uses file="p2mass-atlas-ID00004s-jID00004_area.fits" link="output" register="false" transfer="false" optional="false" type="data" size="4157123"/>
  </job>
  <job id="ID00005" namespace="Montage" name="mProjectPP" version="1.0" runtime="13.75">
    <uses file="region.hdr" link="input" register="true" transfer="true" optional="false" type="data" size="304"/>
    <uses file="2mass-atlas-ID00005s-jID00005.fits" link="input" register="true" transfer="true" optional="false" type="data" size="4222080"/>
    <uses file="p2mass-atlas-ID00005s-jID00005.fits" link="output" register="false" transfer="false" optional="false" type="data" size="4163304"/>
    <uses file="p2mass-atlas-ID00005s-jID00005_area.fits" link="output" register="false" transfer="false" optional="false" type="data" size="4163304"/>
  </job>
  <job id="ID00006" namespace="Montage" name="mProjectPP" version="1.0" runtime="13.66">
    <uses file="region.hdr" link="input" register="true" transfer="true" optional="false" type="data" size="304"/>
    <uses file="2mass-atlas-ID00006s-jID00006.fits" link="input" register="true" transfer="true" optional="false" type="data" size="4222080"/>
    <uses file="p2mass-atlas-ID00006s-jID00006.fits" link="output" register="false" transfer="false" optional="false" type="data" size="4158863"/>
    <uses file="p2mass-atlas-ID00006s-jID00006_area.fits" link="output" register="false" transfer="false" optional="false" type="data" size="4158863"/>
  </job>
  <job id="ID00007" namespace="Montage" name="mProjectPP" version="1.0" runtime="13.50">
    <uses file="region.hdr" link="input" register="true" transfer="true" optional="false" type="data" size="304"/>
    <uses file="2mass-atlas-ID00007s-jID00007.fits" link="input" register="true" transfer="true" optional="false" type="data" size="4222080"/>
    <uses file="p2mass-atlas-ID00007s-jID00007.fits" link="output" register="false" transfer="false" optional="false" type="data" size="4169247"/>
    <uses file="p2mass-atlas-ID00007s-jID00007_area.fits" link="output" register="false" transfer="false" optional="false" type="data" size="4169247"/>
  </job>
  <job id="ID00008" namespace="Montage" name="mProjectPP" version="1.0" runtime="13.38">
    <uses file="region.hdr" link="input" register="true" transfer="true" optional="false" type="data" size="304"/>
    <uses file="2mass-atlas-ID00008s-jID00008.fits" link="input" register="true" transfer="true" optional="false" type="data" size="4222080"/>
    <uses file="p2mass-atlas-ID00008s-jID00008.fits" link="output" register="false" transfer="false" optional="false" type="data" size="4154750"/>
    <uses file="p2mass-atlas-ID00008s-jID00008_area.fits" link="output" register="false" transfer="false" optional="false" type="data" size="4154750"/>
  </job>
  <job id="ID00009" namespace="Montage" name="mProjectPP" version="1.0" runtime="13.71">
    <uses file="region.hdr" link="input" register="true" transfer="true" optional="false" type="data" size="304"/>
    <uses file="2mass-atlas-ID00009s-jID00009.fits" link="input" register="true" transfer="true" optional="false" type="data" size="4222080"/>
    <uses file="p2mass-atlas-ID00009s-jID00009.fits" link="output" register="false" transfer="false" optional="false" type="data" size="4158488"/>
    <uses file="p2mass-atlas-ID00009s-jID00009_area.fits" link="output" register="false" transfer="false" optional="false" type="data" size="4158488"/>
  </job>
  <job id="ID00010" namespace="Montage" name="mProjectPP" version="1.0" runtime="14.07">
    <uses file="region.hdr" link="input" register="true" transfer="true" optional="false" type="data" size="304"/>
    <uses file="2mass-atlas-ID00010s-jID00010.fits" link="input" register="true" transfer="true" optional="false" type="data" size="4222080"/>
    <uses file="p2mass-atlas-ID00010s-jID00010.fits" link="output" register="false" transfer="false" optional="false" type="data" size="4169761"/>
    <uses file="p2mass-atlas-ID00010s-jID00010_area.fits" link="output" register="false" transfer="false" optional="false" type="data" size="4169761"/>
  </job>
  <job id="ID00011" namespace="Montage" name="mProjectPP" version="1.0" runtime="13.67">
    <uses file="region.hdr" link="input" register="true" transfer="true" optional="false" type="data" size="304"/>
    <uses file="2mass-atlas-ID00011s-jID00011.fits" link="input" register="true" transfer="true" optional="false" type="data" size="4222080"/>
    <uses file="p2mass-atlas-ID00011s-jID00011.fits" link="output" register="false" transfer="false" optional="false" type="data" size="4147406"/>
    <uses file="p2mass-atlas-ID00011s-jID00011_area.fits" link="output" register="false" transfer="false" optional="false" type="data" size="4147406"/>
  </job>
  <job id="ID00012" namespace="Montage" name="mDiffFit" version="1.0" runtime="10.60">
    <uses file="region.hdr" link="input" register="true" transfer="true" optional="false" type="data" size="304"/>
    <uses file="p2mass-atlas-ID00000s-jID00000.fits" link="input" register="false" transfer="false" optional="false" type="data" size="4153735"/>
    <uses file="p2mass-atlas-ID00000s-jID00000_area.fits" link="input" register="false" transfer="false" optional="false" type="data" size="4153735"/>
    <uses file="p2mass-atlas-ID00004s-jID00004.fits" link="input" register="false" transfer="false" optional="false" type="data" size="4157123"/>
    <uses file="p2mass-atlas-ID00004s-jID00004_area.fits" link="input" register="false" transfer="false" optional="false" type="data" size="4157123"/>
    <uses file="fitID00012.txt" link="output" register="false" transfer="false" optional="false" type="data" size="270"/>
    <uses file="diffID00012.txt" link="output" register="false" transfer="false" optional="false" type="data" size="299974"/>
  </job>
  <job id="ID00013" namespace="Montage" name="mDiffFit" version="1.0" runtime="10.41">
    <uses file="region.hdr" link="input" register="true" transfer="true" optional="false" type="data" size="304"/>
    <uses file="p2mass-atlas-ID00000s-jID00000.fits" link="input" register="false" transfer="false" optional="false" type="data" size="4171897"/>
    <uses file="p2mass-atlas-ID00000s-jID00000_area.fits" link="input" register="false" transfer="false" optional="false" type="data" size="4171897"/>
    <uses file="p2mass-atlas-ID00007s-jID00007.fits" link="input" register="false" transfer="false" optional="false" type="data" size="4169247"/>
    <uses file="p2mass-atlas-ID00007s-jID00007_area.fits" link="input" register="false" transfer="false" optional="false" type="data" size="4169247"/>
    <uses file="fitID00013.txt" link="output" register="false" transfer="false" optional="false" type="data" size="291"/>
    <uses file="diffID00013.txt" link="output" register="false" transfer="false" optional="false" type="data" size="373522"/>
  </job>
  <job id="ID00014" namespace="Montage" name="mDiffFit" version="1.0" runtime="10.57">
    <uses file="region.hdr" link="input" register="true" transfer="true" optional="false" type="data" size="304"/>
    <uses file="p2mass-atlas-ID00000s-jID00000.fits" link="input" register="false" transfer="false" optional="false" type="data" size="4159240"/>
    <uses file="p2mass-atlas-ID00000s-jID00000_area.fits" link="input" register="false" transfer="false" optional="false" type="data" size="4159240"/>
    <uses file="p2mass-atlas-ID00011s-jID00011.fits" link="input" register="false" transfer="false" optional="false" type="data" size="4147406"/>
    <uses file="p2mass-atlas-ID00011s-jID00011_area.fits" link="input" register="false" transfer="false" optional="false" type="data" size="4147406"/>
    <uses file="fitID00014.txt" link="output" register="false" transfer="false" optional="false" type="data" size="271"/>
    <uses file="diffID00014.txt" link="output" register="false" transfer="false" optional="false" type="data" size="328816"/>
  </job>
  <job id="ID00015" namespace="Montage" name="mDiffFit" version="1.0" runtime="10.66">
    <uses file="region.hdr" link="input" register="true" transfer="true" optional="false" type="data" size="304"/>
    <uses file="p2mass-atlas-ID00001s-jID00001.fits" link="input" register="false" transfer="false" optional="false" type="data" size="4167042"/>
    <uses file="p2mass-atlas-ID00001s-jID00001_area.fits" link="input" register="false" transfer="false" optional="false" type="data" size="4167042"/>
    <uses file="fitID00015.txt" link="output" register="false" transfer="false" optional="false" type="data" size="275"/>
    <uses file="diffID00015.txt" link="output" register="false" transfer="false" optional="false" type="data" size="317709"/>
  </job>
  <job id="ID00016" namespace="Montage" name="mDiffFit" version="1.0" runtime="10.59">
    <uses file="region.hdr" link="input" register="true" transfer="true" optional="false" type="data" size="304"/>
    <uses file="p2mass-atlas-ID00001s-jID00001.fits" link="input" register="false" transfer="false" optional="false" type="data" size="4176047"/>
    <uses file="p2mass-atlas-ID00001s-jID00001_area.fits" link="input" register="false" transfer="false" optional="false" type="data" size="4176047"/>
    <uses file="p2mass-atlas-ID00003s-jID00003.fits" link="input" register="false" transfer="false" optional="false" type="data" size="4162138"/>
    <uses file="p2mass-atlas-ID00003s-jID00003_area.fits" link="input" register="false" transfer="false" optional="false" type="data" size="4162138"/>
    <uses file="fitID00016.txt" link="output" register="false" transfer="false" optional="false" type="data" size="274"/>
    <uses file="diffID00016.txt" link="output" register="false" transfer="false" optional="false" type="data" size="375916"/>
  </job>
  <job id="ID00017" namespace="Montage" name="mDiffFit" version="1.0" runtime="10.58">
    <uses file="region.hdr" link="input" register="true" transfer="true" optional="false" type="data" size="304"/>
    <uses file="p2mass-atlas-ID00001s-jID00001.fits" link="input" register="false" transfer="false" optional="false" type="data" size="4166923"/>
    <uses file="p2mass-atlas-ID00001s-jID00001_area.fits" link="input" register="false" transfer="false" optional="false" type="data" size="4166923"/>
    <uses file="p2mass-atlas-ID00004s-jID00004.fits" link="input" register="false" transfer="false" optional="false" type="data" size="4165386"/>
    <uses file="p2mass-atlas-ID00004s-jID00004_area.fits" link="input" register="false" transfer="false" optional="false" type="data" size="4165386"/>
    <uses file="fitID00017.txt" link="output" register="false" transfer="false" optional="false" type="data" size="286"/>
    <uses file="diffID00017.txt" link="output" register="false" transfer="false" optional="false" type="data" size="308651"/>
  </job>
  <job id="ID00018" namespace="Montage" name="mDiffFit" version="1.0" runtime="10.63">
    <uses file="region.hdr" link="input" register="true" transfer="true" optional="false" type="data" size="304"/>
    <uses file="p2mass-atlas-ID00001s-jID00001.fits" link="input" register="false" transfer="false" optional="false" type="data" size="4151520"/>
    <uses file="p2mass-atlas-ID00001s-jID00001_area.fits" link="input" register="false" transfer="false" optional="false" type="data" size="4151520"/>
    <uses file="p2mass-atlas-ID00006s-jID00006.fits" link="input" register="false" transfer="false" optional="false" type="data" size="4158863"/>
    <uses file="p2mass-atlas-ID00006s-jID00006_area.fits" link="input" register="false" transfer="false" optional="false" type="data" size="4158863"/>
    <uses file="fitID00018.txt" link="output" register="false" transfer="false" optional="false" type="data" size="274"/>
    <uses file="diffID00018.txt" link="output" register="false" transfer="false" optional="false" type="data" size="350324"/>
  </job>
  <job id="ID00019" namespace="Montage" name="mDiffFit" version="1.0" runtime="10.61">
    <uses file="region.hdr" link="input" register="true" transfer="true" optional="false" type="data" size="304"/>
    <uses file="p2mass-atlas-ID00001s-jID00001.fits" link="input" register="false" transfer="false" optional="false" type="data" size="4166951"/>
    <uses file="p2mass-atlas-ID00001s-jID00001_area.fits" link="input" register="false" transfer="false" optional="false" type="data" size="4166951"/>
    <uses file="p2mass-atlas-ID00007s-jID00007.fits" link="input" register="false" transfer="false" optional="false" type="data" size="4169903"/>
    <uses file="p2mass-atlas-ID00007s-jID00007_area.fits" link="input" register="false" transfer="false" optional="false" type="data" size="4169903"/>
    <uses file="fitID00019.txt" link="output" register="false" transfer="false" optional="false" type="data" size="280"/>
    <uses file="diffID00019.txt" link="output" register="false" transfer="false" optional="false" type="data" size="188186"/>
  </job>
  <job id="ID00020" namespace="Montage" name="mDiffFit" version="1.0" runtime="10.53">
    <uses file="region.hdr" link="input" register="true" transfer="true" optional="false" type="data" size="304"/>
    <uses file="p2mass-atlas-ID00002s-jID00002.fits" link="input" register="false" transfer="false" optional="false" type="data" size="4162674"/>
    <uses file="p2mass-atlas-ID00002s-jID00002_area.fits" link="input" register="false" transfer="false" optional="false" type="data" size="4162674"/>
    <uses file="p2mass-atlas-ID00001s-jID00001.fits" link="input" register="false" transfer="false" optional="false" type="data" size="4137198"/>
    <uses file="p2mass-atlas-ID00001s-jID00001_area.fits" link="input" register="false" transfer="false" optional="false" type="data" size="4137198"/>
    <uses file="fitID00020.txt" link="output" register="false" transfer="false" optional="false" type="data" size="281"/>
    <uses file="diffID00020.txt" link="output" register="false" transfer="false" optional="false" type="data" size="217924"/>
  </job>
  <job id="ID00021" namespace="Montage" name="mDiffFit" version="1.0" runtime="10.51">
    <uses file="region.hdr" link="input" register="true" transfer="true" optional="false" type="data" size="304"/>
    <uses file="p2mass-atlas-ID00002s-jID00002.fits" link="input" register="false" transfer="false" optional="false" type="data" size="4172552"/>
    <uses file="p2mass-atlas-ID00002s-jID00002_area.fits" link="input" register="false" transfer="false" optional="false" type="data" size="4172552"/>
    <uses file="p2mass-atlas-ID00003s-jID00003.fits" link="input" register="false" transfer="false" optional="false" type="data" size="4164166"/>
    <uses file="p2mass-atlas-ID00003s-jID00003_area.fits" link="input" register="false" transfer="false" optional="false" type="data" size="4164166"/>
    <uses file="fitID00021.txt" link="output" register="false" transfer="false" optional="false" type="data" size="263"/>
    <uses file="diffID00021.txt" link="output" register="false" transfer="false" optional="false" type="data" size="424399"/>
  </job>
  <job id="ID00022" namespace="Montage" name="mDiffFit" version="1.0" runtime="10.78">
    <uses file="region.hdr" link="input" register="true" transfer="true" optional="false" type="data" size="304"/>
    <uses file="p2mass-atlas-ID00002s-jID00002.fits" link="input" register="false" transfer="false" optional="false" type="data" size="4159641"/>
    <uses file="p2mass-atlas-ID00002s-jID00002_area.fits" link="input" register="false" transfer="false" optional="false" type="data" size="4159641"/>
    <uses file="p2mass-atlas-ID00004s-jID00004.fits" link="input" register="false" transfer="false" optional="false" type="data" size="4169523"/>
    <uses file="p2mass-atlas-ID00004s-jID00004_area.fits" link="input" register="false" transfer="false" optional="false" type="data" size="4169523"/>
    <uses file="fitID00022.txt" link="output" register="false" transfer="false" optional="false" type="data" size="260"/>
    <uses file="diffID00022.txt" link="output" register="false" transfer="false" optional="false" type="data" size="386743"/>
  </job>
  <job id="ID00023" namespace="Montage" name="mDiffFit" version="1.0" runtime="10.45">
    <uses file="region.hdr" link="input" register="true" transfer="true" optional="false" type="data" size="304"/>
    <uses file="p2mass-atlas-ID00002s-jID00002.fits" link="input" register="false" transfer="false" optional="false" type="data" size="4159574"/>
    <uses file="p2mass-atlas-ID00002s-jID00002_area.fits" link="input" register="false" transfer="false" optional="false" type="data" size="4159574"/>
    <uses file="p2mass-atlas-ID00005s-jID00005.fits" link="input" register="false" transfer="false" optional="false" type="data" size="4163304"/>
    <uses file="p2mass-atlas-ID00005s-jID00005_area.fits" link="input" register="false" transfer="false" optional="false" type="data" size="4163304"/>
    <uses file="fitID00023.txt" link="output" register="false" transfer="false" optional="false" type="data" size="273"/>
    <uses file="diffID00023.txt" link="output" register="false" transfer="false" optional="false" type="data" size="276035"/>
  </job>
  <job id="ID00024" namespace="Montage" name="mDiffFit" version="1.0" runtime="10.67">
    <uses file="region.hdr" link="input" register="true" transfer="true" optional="false" type="data" size="304"/>
    <uses file="p2mass-atlas-ID00002s-jID00002.fits" link="input" register="false" transfer="false" optional="false" type="data" size="4135775"/>
    <uses file="p2mass-atlas-ID00002s-jID00002_area.fits" link="input" register="false" transfer="false" optional="false" type="data" size="4135775"/>
    <uses file="p2mass-atlas-ID00006s-jID00006.fits" link="input" register="false" transfer="false" optional="false" type="data" size="4176977"/>
    <uses file="p2mass-atlas-ID00006s-jID00006_area.fits" link="input" register="false" transfer="false" optional="false" type="data" size="4176977"/>
    <uses file="fitID00024.txt" link="output" register="false" transfer="false" optional="false" type="data" size="276"/>
    <uses file="diffID00024.txt" link="output" register="false" transfer="false" optional="false" type="data" size="202396"/>
  </job>
  <job id="ID00025" namespace="Montage" name="mDiffFit" version="1.0" runtime="10.66">
    <uses file="region.hdr" link="input" register="true" transfer="true" optional="false" type="data" size="304"/>
    <uses file="p2mass-atlas-ID00002s-jID00002.fits" link="input" register="false" transfer="false" optional="false" type="data" size="4163863"/>
    <uses file="p2mass-atlas-ID00002s-jID00002_area.fits" link="input" register="false" transfer="false" optional="false" type="data" size="4163863"/>
    <uses file="p2mass-atlas-ID00007s-jID00007.fits" link="input" register="false" transfer="false" optional="false" type="data" size="4145325"/>
    <uses file="p2mass-atlas-ID00007s-jID00007_area.fits" link="input" register="false" transfer="false" optional="false" type="data" size="4145325"/>
    <uses file="fitID00025.txt" link="output" register="false" transfer="false" optional="false" type="data" size="280"/>
    <uses file="diffID00025.txt" link="output" register="false" transfer="false" optional="false" type="data" size="276189"/>
  </job>
  <job id="ID00026" namespace="Montage" name="mDiffFit" version="1.0" runtime="10.41">
    <uses file="region.hdr" link="input" register="true" transfer="true" optional="false" type="data" size="304"/>
    <uses file="p2mass-atlas-ID00003s-jID00003.fits" link="input" register="false" transfer="false" optional="false" type="data" size="4160902"/>
    <uses file="p2mass-atlas-ID00003s-jID00003_area.fits" link="input" register="false" transfer="false" optional="false" type="data" size="4160902"/>
    <uses file="p2mass-atlas-ID00007s-jID00007.fits" link="input" register="false" transfer="false" optional="false" type="data" size="4167679"/>
    <uses file="p2mass-atlas-ID00007s-jID00007_area.fits" link="input" register="false" transfer="false" optional="false" type="data" size="4167679"/>
    <uses file="fitID00026.txt" link="output" register="false" transfer="false" optional="false" type="data" size="265"/>
    <uses file="diffID00026.txt" link="output" register="false" transfer="false" optional="false" type="data" size="364380"/>
  </job>
  <job id="ID00027" namespace="Montage" name="mDiffFit" version="1.0" runtime="10.61">
    <uses file="region.hdr" link="input" register="true" transfer="true" optional="false" type="data" size="304"/>
    <uses file="p2mass-atlas-ID00003s-jID00003.fits" link="input" register="false" transfer="false" optional="false" type="data" size="4147477"/>
    <uses file="p2mass-atlas-ID00003s-jID00003_area.fits" link="input" register="false" transfer="false" optional="false" type="data" size="4147477"/>
    <uses file="p2mass-atlas-ID00009s-jID00009.fits" link="input" register="false" transfer="false" optional="false" type="data" size="4158488"/>
    <uses file="p2mass-atlas-ID00009s-jID00009_area.fits" link="input" register="false" transfer="false" optional="false" type="data" size="4158488"/>
    <uses file="fitID00027.txt" link="output" register="false" transfer="false" optional="false" type="data" size="279"/>
    <uses file="diffID00027.txt" link="output" register="false" transfer="false" optional="false" type="data" size="277954"/>
  </job>
  <job id="ID00028" namespace="Montage" name="mDiffFit" version="1.0" runtime="10.66">
    <uses file="region.hdr" link="input" register="true" transfer="true" optional="false" type="data" size="304"/>
    <uses file="p2mass-atlas-ID00004s-jID00004.fits" link="input" register="false" transfer="false" optional="false" type="data" size="4168603"/>
    <uses file="p2mass-atlas-ID00004s-jID00004_area.fits" link="input" register="false" transfer="false" optional="false" type="data" size="4168603"/>
    <uses file="p2mass-atlas-ID00009s-jID00009.fits" link="input" register="false" transfer="false" optional="false" type="data" size="4161497"/>
    <uses file="p2mass-atlas-ID00009s-jID00009_area.fits" link="input" register="false" transfer="false" optional="false" type="data" size="4161497"/>
    <uses file="fitID00028.txt" link="output" register="false" transfer="false" optional="false" type="data" size="258"/>
    <uses file="diffID00028.txt" link="output" register="false" transfer="false" optional="false" type="data" size="388980"/>
  </job>
  <job id="ID00029" namespace="Montage" name="mDiffFit" version="1.0" runtime="10.43">
    <uses file="region.hdr" link="input" register="true" transfer="true" optional="false" type="data" size="304"/>
    <uses file="p2mass-atlas-ID00004s-jID00004.fits" link="input" register="false" transfer="false" optional="false" type="data" size="4161170"/>
    <uses file="p2mass-atlas-ID00004s-jID00004_area.fits" link="input" register="false" transfer="false" optional="false" type="data" size="4161170"/>
    <uses file="p2mass-atlas-ID00010s-jID00010.fits" link="input" register="false" transfer="false" optional="false" type="data" size="4169761"/>
    <uses file="p2mass-atlas-ID00010s-jID00010_area.fits" link="input" register="false" transfer="false" optional="false" type="data" size="4169761"/>
    <uses file="fitID00029.txt" link="output" register="false" transfer="false" optional="false" type="data" size="274"/>
    <uses file="diffID00029.txt" link="output" register="false" transfer="false" optional="false" type="data" size="288012"/>
  </job>
  <job id="ID00030" namespace="Montage" name="mDiffFit" version="1.0" runtime="10.63">
    <uses file="region.hdr" link="input" register="true" transfer="true" optional="false" type="data" size="304"/>
    <uses file="p2mass-atlas-ID00005s-jID00005.fits" link="input" register="false" transfer="false" optional="false" type="data" size="4168157"/>
    <uses file="p2mass-atlas-ID00005s-jID00005_area.fits" link="input" register="false" transfer="false" optional="false" type="data" size="4168157"/>
    <uses file="p2mass-atlas-ID00000s-jID00000.fits" link="input" register="false" transfer="false" optional="false" type="data" size="4179113"/>
    <uses file="p2mass-atlas-ID00000s-jID00000_area.fits" link="input" register="false" transfer="false" optional="false" type="data" size="4179113"/>
    <uses file="fitID00030.txt" link="output" register="false" transfer="false" optional="false" type="data" size="276"/>
    <uses file="diffID00030.txt" link="output" register="false" transfer="false" optional="false" type="data" size="148500"/>
  </job>
  <job id="ID00031" namespace="Montage" name="mDiffFit" version="1.0" runtime="10.58">
    <uses file="region.hdr" link="input" register="true" transfer="true" optional="false" type="data" size="304"/>
    <uses file="p2mass-atlas-ID00005s-jID00005.fits" link="input" register="false" transfer="false" optional="false" type="data" size="4154393"/>
    <uses file="p2mass-atlas-ID00005s-jID00005_area.fits" link="input" register="false" transfer="false" optional="false" type="data" size="4154393"/>
    <uses file="p2mass-atlas-ID00003s-jID00003.fits" link="input" register="false" transfer="false" optional="false" type="data" size="4142997"/>
    <uses file="p2mass-atlas-ID00003s-jID00003_area.fits" link="input" register="false" transfer="false" optional="false" type="data" size="4142997"/>
    <uses file="fitID00031.txt" link="output" register="false" transfer="false" optional="false" type="data" size="285"/>
    <uses file="diffID00031.txt" link="output" register="false" transfer="false" optional="false" type="data" size="226562"/>
  </job>
  <job id="ID00032" namespace="Montage" name="mDiffFit" version="1.0" runtime="10.34">
    <uses file="region.hdr" link="input" register="true" transfer="true" optional="false" type="data" size="304"/>
    <uses file="p2mass-atlas-ID00006s-jID00006.fits" link="input" register="false" transfer="false" optional="false" type="data" size="4173618"/>
    <uses file="p2mass-atlas-ID00006s-jID00006_area.fits" link="input" register="false" transfer="false" optional="false" type="data" size="4173618"/>
    <uses file="p2mass-atlas-ID00002s-jID00002.fits" link="input" register="false" transfer="false" optional="false" type="data" size="4162475"/>
    <uses file="p2mass-atlas-ID00002s-jID00002_area.fits" link="input" register="false" transfer="false" optional="false" type="data" size="4162475"/>
    <uses file="fitID00032.txt" link="output" register="false" transfer="false" optional="false" type="data" size="260"/>
    <uses file="diffID00032.txt" link="output" register="false" transfer="false" optional="false" type="data" size="215233"/>
  </job>
  <job id="ID00033" namespace="Montage" name="mDiffFit" version="1.0" runtime="10.59">
    <uses file="region.hdr" link="input" register="true" transfer="true" optional="false" type="data" size="304"/>
    <uses file="p2mass-atlas-ID00006s-jID00006.fits" link="input" register="false" transfer="false" optional="false" type="data" size="4159471"/>
    <uses file="p2mass-atlas-ID00006s-jID00006_area.fits" link="input" register="false" transfer="false" optional="false" type="data" size="4159471"/>
    <uses file="p2mass-atlas-ID00003s-jID00003.fits" link="input" register="false" transfer="false" optional="false" type="data" size="4163986"/>
    <uses file="p2mass-atlas-ID00003s-jID00003_area.fits" link="input" register="false" transfer="false" optional="false" type="data" size="4163986"/>
    <uses file="fitID00033.txt" link="output" register="false" transfer="false" optional="false" type="data" size="267"/>
    <uses file="diffID00033.txt" link="output" register="false" transfer="false" optional="false" type="data" size="202400"/>
  </job>
  <job id="ID00034" namespace="Montage" name="mDiffFit" version="1.0" runtime="10.41">
    <uses file="region.hdr" link="input" register="true" transfer="true" optional="false" type="data" size="304"/>
    <uses file="p2mass-atlas-ID00006s-jID00006.fits" link="input" register="false" transfer="false" optional="false" type="data" size="4162754"/>
    <uses file="p2mass-atlas-ID00006s-jID00006_area.fits" link="input" register="false" transfer="false" optional="false" type="data" size="4162754"/>
    <uses file="p2mass-atlas-ID00004s-jID00004.fits" link="input" register="false" transfer="false" optional="false" type="data" size="4160366"/>
    <uses file="p2mass-atlas-ID00004s-jID00004_area.fits" link="input" register="false" transfer="false" optional="false" type="data" size="4160366"/>
    <uses file="fitID00034.txt" link="output" register="false" transfer="false" optional="false" type="data" size="259"/>
    <uses file="diffID00034.txt" link="output" register="false" transfer="false" optional="false" type="data" size="272417"/>
  </job>
  <job id="ID00035" namespace="Montage" name="mDiffFit" version="1.0" runtime="10.65">
    <uses file="region.hdr" link="input" register="true" transfer="true" optional="false" type="data" size="304"/>
    <uses file="p2mass-atlas-ID00006s-jID00006.fits" link="input" register="false" transfer="false" optional="false" type="data" size="4169449"/>
    <uses file="p2mass-atlas-ID00006s-jID00006_area.fits" link="input" register="false" transfer="false" optional="false" type="data" size="4169449"/>
    <uses file="fitID00035.txt" link="output" register="false" transfer="false" optional="false" type="data" size="263"/>
    <uses file="diffID00035.txt" link="output" register="false" transfer="false" optional="false" type="data" size="247670"/>
  </job>
  <job id="ID00036" namespace="Montage" name="mDiffFit" version="1.0" runtime="10.45">
    <uses file="region.hdr" link="input" register="true" transfer="true" optional="false" type="data" size="304"/>
    <uses file="p2mass-atlas-ID00006s-jID00006.fits" link="input" register="false" transfer="false" optional="false" type="data" size="4163849"/>
    <uses file="p2mass-atlas-ID00006s-jID00006_area.fits" link="input" register="false" transfer="false" optional="false" type="data" size="4163849"/>
    <uses file="p2mass-atlas-ID00007s-jID00007.fits" link="input" register="false" transfer="false" optional="false" type="data" size="4167332"/>
    <uses file="p2mass-atlas-ID00007s-jID00007_area.fits" link="input" register="false" transfer="false" optional="false" type="data" size="4167332"/>
    <uses file="fitID00036.txt" link="output" register="false" transfer="false" optional="false" type="data" size="267"/>
    <uses file="diffID00036.txt" link="output" register="false" transfer="false" optional="false" type="data" size="348255"/>
  </job>
  <job id="ID00037" namespace="Montage" name="mDiffFit" version="1.0" runtime="10.37">
    <uses file="region.hdr" link="input" register="true" transfer="true" optional="false" type="data" size="304"/>
    <uses file="p2mass-atlas-ID00006s-jID00006.fits" link="input" register="false" transfer="false" optional="false" type="data" size="4171157"/>
    <uses file="p2mass-atlas-ID00006s-jID00006_area.fits" link="input" register="false" transfer="false" optional="false" type="data" size="4171157"/>
    <uses file="p2mass-atlas-ID00009s-jID00009.fits" link="input" register="false" transfer="false" optional="false" type="data" size="4169657"/>
    <uses file="p2mass-atlas-ID00009s-jID00009_area.fits" link="input" register="false" transfer="false" optional="false" type="data" size="4169657"/>
    <uses file="fitID00037.txt" link="output" register="false" transfer="false" optional="false" type="data" size="261"/>
    <uses file="diffID00037.txt" link="output" register="false" transfer="false" optional="false" type="data" size="316234"/>
  </job>
  <job id="ID00038" namespace="Montage" name="mDiffFit" version="1.0" runtime="10.74">
    <uses file="region.hdr" link="input" register="true" transfer="true" optional="false" type="data" size="304"/>
    <uses file="p2mass-atlas-ID00006s-jID00006.fits" link="input" register="false" transfer="false" optional="false" type="data" size="4166739"/>
    <uses file="p2mass-atlas-ID00006s-jID00006_area.fits" link="input" register="false" transfer="false" optional="false" type="data" size="4166739"/>
    <uses file="p2mass-atlas-ID00011s-jID00011.fits" link="input" register="false" transfer="false" optional="false" type="data" size="4152384"/>
    <uses file="p2mass-atlas-ID00011s-jID00011_area.fits" link="input" register="false" transfer="false" optional="false" type="data" size="4152384"/>
    <uses file="fitID00038.txt" link="output" register="false" transfer="false" optional="false" type="data" size="301"/>
    <uses file="diffID00038.txt" link="output" register="false" transfer="false" optional="false" type="data" size="229464"/>
  </job>
  <job id="ID00039" namespace="Montage" name="mDiffFit" version="1.0" runtime="10.63">
    <uses file="region.hdr" link="input" register="true" transfer="true" optional="false" type="data" size="304"/>
    <uses file="p2mass-atlas-ID00007s-jID00007.fits" link="input" register="false" transfer="false" optional="false" type="data" size="4154730"/>
    <uses file="p2mass-atlas-ID00007s-jID00007_area.fits" link="input" register="false" transfer="false" optional="false" type="data" size="4154730"/>
    <uses file="p2mass-atlas-ID00002s-jID00002.fits" link="input" register="false" transfer="false" optional="false" type="data" size="4150354"/>
    <uses file="p2mass-atlas-ID00002s-jID00002_area.fits" link="input" register="false" transfer="false" optional="false" type="data" size="4150354"/>
    <uses file="fitID00039.txt" link="output" register="false" transfer="false" optional="false" type="data" size="271"/>
    <uses file="diffID00039.txt" link="output" register="false" transfer="false" optional="false" type="data" size="322223"/>
  </job>
  <job id="ID00040" namespace="Montage" name="mDiffFit" version="1.0" runtime="10.55">
    <uses file="region.hdr" link="input" register="true" transfer="true" optional="false" type="data" size="304"/>
    <uses file="p2mass-atlas-ID00007s-jID00007.fits" link="input" register="false" transfer="false" optional="false" type="data" size="4139510"/>
    <uses file="p2mass-atlas-ID00007s-jID00007_area.fits" link="input" register="false" transfer="false" optional="false" type="data" size="4139510"/>
    <uses file="p2mass-atlas-ID00003s-jID00003.fits" link="input" register="false" transfer="false" optional="false" type="data" size="4168728"/>
    <uses file="p2mass-atlas-ID00003s-jID00003_area.fits" link="input" register="false" transfer="false" optional="false" type="data" size="4168728"/>
    <uses file="fitID00040.txt" link="output" register="false" transfer="false" optional="false" type="data" size="262"/>
    <uses file="diffID00040.txt" link="output" register="false" transfer="false" optional="false" type="data" size="154146"/>
  </job>
  <job id="ID00041" namespace="Montage" name="mDiffFit" version="1.0" runtime="10.56">
    <uses file="region.hdr" link="input" register="true" transfer="true" optional="false" type="data" size="304"/>
    <uses file="p2mass-atlas-ID00007s-jID00007.fits" link="input" register="false" transfer="false" optional="false" type="data" size="4165075"/>
    <uses file="p2mass-atlas-ID00007s-jID00007_area.fits" link="input" register="false" transfer="false" optional="false" type="data" size="4165075"/>
    <uses file="p2mass-atlas-ID00004s-jID00004.fits" link="input" register="false" transfer="false" optional="false" type="data" size="4154258"/>
    <uses file="p2mass-atlas-ID00004s-jID00004_area.fits" link="input" register="false" transfer="false" optional="false" type="data" size="4154258"/>
    <uses file="fitID00041.txt" link="output" register="false" transfer="false" optional="false" type="data" size="265"/>
    <uses file="diffID00041.txt" link="output" register="false" transfer="false" optional="false" type="data" size="180285"/>
  </job>
  <job id="ID00042" namespace="Montage" name="mDiffFit" version="1.0" runtime="10.51">
    <uses file="region.hdr" link="input" register="true" transfer="true" optional="false" type="data" size="304"/>
    <uses file="p2mass-atlas-ID00007s-jID00007.fits" link="input" register="false" transfer="false" optional="false" type="data" size="4157370"/>
    <uses file="p2mass-atlas-ID00007s-jID00007_area.fits" link="input" register="false" transfer="false" optional="false" type="data" size="4157370"/>
    <uses file="p2mass-atlas-ID00005s-jID00005.fits" link="input" register="false" transfer="false" optional="false" type="data" size="4177806"/>
    <uses file="p2mass-atlas-ID00005s-jID00005_area.fits" link="input" register="false" transfer="false" optional="false" type="data" size="4177806"/>
    <uses file="fitID00042.txt" link="output" register="false" transfer="false" optional="false" type="data" size="270"/>
    <uses file="diffID00042.txt" link="output" register="false" transfer="false" optional="false" type="data" size="228394"/>
  </job>
  <job id="ID00043" namespace="Montage" name="mDiffFit" version="1.0" runtime="10.57">
    <uses file="region.hdr" link="input" register="true" transfer="true" optional="false" type="data" size="304"/>
    <uses file="p2mass-atlas-ID00007s-jID00007.fits" link="input" register="false" transfer="false" optional="false" type="data" size="4159561"/>
    <uses file="p2mass-atlas-ID00007s-jID00007_area.fits" link="input" register="false" transfer="false" optional="false" type="data" size="4159561"/>
    <uses file="p2mass-atlas-ID00010s-jID00010.fits" link="input" register="false" transfer="false" optional="false" type="data" size="4172156"/>
    <uses file="p2mass-atlas-ID00010s-jID00010_area.fits" link="input" register="false" transfer="false" optional="false" type="data" size="4172156"/>
    <uses file="fitID00043.txt" link="output" register="false" transfer="false" optional="false" type="data" size="290"/>
    <uses file="diffID00043.txt" link="output" register="false" transfer="false" optional="false" type="data" size="264618"/>
  </job>
  <job id="ID00044" namespace="Montage" name="mDiffFit" version="1.0" runtime="10.58">
    <uses file="region.hdr" link="input" register="true" transfer="true" optional="false" type="data" size="304"/>
    <uses file="p2mass-atlas-ID00007s-jID00007.fits" link="input" register="false" transfer="false" optional="false" type="data" size="4177469"/>
    <uses file="p2mass-atlas-ID00007s-jID00007_area.fits" link="input" register="false" transfer="false" optional="false" type="data" size="4177469"/>
    <uses file="p2mass-atlas-ID00011s-jID00011.fits" link="input" register="false" transfer="false" optional="false" type="data" size="4160005"/>
    <uses file="p2mass-atlas-ID00011s-jID00011_area.fits" link="input" register="false" transfer="false" optional="false" type="data" size="4160005"/>
    <uses file="fitID00044.txt" link="output" register="false" transfer="false" optional="false" type="data" size="252"/>
    <uses file="diffID00044.txt" link="output" register="false" transfer="false" optional="false" type="data" size="354996"/>
  </job>
  <job id="ID00045" namespace="Montage" name="mDiffFit" version="1.0" runtime="10.52">
    <uses file="region.hdr" link="input" register="true" transfer="true" optional="false" type="data" size="304"/>
    <uses file="p2mass-atlas-ID00009s-jID00009.fits" link="input" register="false" transfer="false" optional="false" type="data" size="4151283"/>
    <uses file="p2mass-atlas-ID00009s-jID00009_area.fits" link="input" register="false" transfer="false" optional="false" type="data" size="4151283"/>
    <uses file="p2mass-atlas-ID00004s-jID00004.fits" link="input" register="false" transfer="false" optional="false" type="data" size="4173866"/>
    <uses file="p2mass-atlas-ID00004s-jID00004_area.fits" link="input" register="false" transfer="false" optional="false" type="data" size="4173866"/>
    <uses file="fitID00045.txt" link="output" register="false" transfer="false" optional="false" type="data" size="271"/>
    <uses file="diffID00045.txt" link="output" register="false" transfer="false" optional="false" type="data" size="280905"/>
  </job>
  <job id="ID00046" namespace="Montage" name="mDiffFit" version="1.0" runtime="10.47">
    <uses file="region.hdr" link="input" register="true" transfer="true" optional="false" type="data" size="304"/>
    <uses file="p2mass-atlas-ID00009s-jID00009.fits" link="input" register="false" transfer="false" optional="false" type="data" size="4163763"/>
    <uses file="p2mass-atlas-ID00009s-jID00009_area.fits" link="input" register="false" transfer="false" optional="false" type="data" size="4163763"/>
    <uses file="p2mass-atlas-ID00006s-jID00006.fits" link="input" register="false" transfer="false" optional="false" type="data" size="4153750"/>
    <uses file="p2mass-atlas-ID00006s-jID00006_area.fits" link="input" register="false" transfer="false" optional="false" type="data" size="4153750"/>
    <uses file="fitID00046.txt" link="output" register="false" transfer="false" optional="false" type="data" size="272"/>
    <uses file="diffID00046.txt" link="output" register="false" transfer="false" optional="false" type="data" size="195109"/>
  </job>
  <job id="ID00047" namespace="Montage" name="mDiffFit" version="1.0" runtime="10.68">
    <uses file="region.hdr" link="input" register="true" transfer="true" optional="false" type="data" size="304"/>
    <uses file="p2mass-atlas-ID00009s-jID00009.fits" link="input" register="false" transfer="false" optional="false" type="data" size="4169147"/>
    <uses file="p2mass-atlas-ID00009s-jID00009_area.fits" link="input" register="false" transfer="false" optional="false" type="data" size="4169147"/>
    <uses file="p2mass-atlas-ID00008s-jID00008.fits" link="input" register="false" transfer="false" optional="false" type="data" size="4154750"/>
    <uses file="p2mass-atlas-ID00008s-jID00008_area.fits" link="input" register="false" transfer="false" optional="false" type="data" size="4154750"/>
    <uses file="fitID00047.txt" link="output" register="false" transfer="false" optional="false" type="data" size="261"/>
    <uses file="diffID00047.txt" link="output" register="false" transfer="false" optional="false" type="data" size="182399"/>
  </job>
  <job id="ID00048" namespace="Montage" name="mDiffFit" version="1.0" runtime="10.49">
    <uses file="region.hdr" link="input" register="true" transfer="true" optional="false" type="data" size="304"/>
    <uses file="p2mass-atlas-ID00009s-jID00009.fits" link="input" register="false" transfer="false" optional="false" type="data" size="4173050"/>
    <uses file="p2mass-atlas-ID00009s-jID00009_area.fits" link="input" register="false" transfer="false" optional="false" type="data" size="4173050"/>
    <uses file="p2mass-atlas-ID00010s-jID00010.fits" link="input" register="false" transfer="false" optional="false" type="data" size="4160513"/>
    <uses file="p2mass-atlas-ID00010s-jID00010_area.fits" link="input" register="false" transfer="false" optional="false" type="data" size="4160513"/>
    <uses file="fitID00048.txt" link="output" register="false" transfer="false" optional="false" type="data" size="256"/>
    <uses file="diffID00048.txt" link="output" register="false" transfer="false" optional="false" type="data" size="189299"/>
  </job>
  <job id="ID00049" namespace="Montage" name="mDiffFit" version="1.0" runtime="10.59">
    <uses file="region.hdr" link="input" register="true" transfer="true" optional="false" type="data" size="304"/>
    <uses file="p2mass-atlas-ID00010s-jID00010.fits" link="input" register="false" transfer="false" optional="false" type="data" size="4168515"/>
    <uses file="p2mass-atlas-ID00010s-jID00010_area.fits" link="input" register="false" transfer="false" optional="false" type="data" size="4168515"/>
    <uses file="p2mass-atlas-ID00001s-jID00001.fits" link="input" register="false" transfer="false" optional="false" type="data" size="4156442"/>
    <uses file="p2mass-atlas-ID00001s-jID00001_area.fits" link="input" register="false" transfer="false" optional="false" type="data" size="4156442"/>
    <uses file="fitID00049.txt" link="output" register="false" transfer="false" optional="false" type="data" size="268"/>
    <uses file="diffID00049.txt" link="output" register="false" transfer="false" optional="false" type="data" size="360836"/>
  </job>
  <job id="ID00050" namespace="Montage" name="mDiffFit" version="1.0" runtime="10.48">
    <uses file="region.hdr" link="input" register="true" transfer="true" optional="false" type="data" size="304"/>
    <uses file="p2mass-atlas-ID00010s-jID00010.fits" link="input" register="false" transfer="false" optional="false" type="data" size="4176669"/>
    <uses file="p2mass-atlas-ID00010s-jID00010_area.fits" link="input" register="false" transfer="false" optional="false" type="data" size="4176669"/>
    <uses file="p2mass-atlas-ID00002s-jID00002.fits" link="input" register="false" transfer="false" optional="false" type="data" size="4163582"/>
    <uses file="p2mass-atlas-ID00002s-jID00002_area.fits" link="input" register="false" transfer="false" optional="false" type="data" size="4163582"/>
    <uses file="fitID00050.txt" link="output" register="false" transfer="false" optional="false" type="data" size="282"/>
    <uses file="diffID00050.txt" link="output" register="false" transfer="false" optional="false" type="data" size="159828"/>
  </job>
  <job id="ID00051" namespace="Montage" name="mDiffFit" version="1.0" runtime="10.70">
    <uses file="region.hdr" link="input" register="true" transfer="true" optional="false" type="data" size="304"/>
    <uses file="p2mass-atlas-ID00010s-jID00010.fits" link="input" register="false" transfer="false" optional="false" type="data" size="4162269"/>
    <uses file="p2mass-atlas-ID00010s-jID00010_area.fits" link="input" register="false" transfer="false" optional="false" type="data" size="4162269"/>
    <uses file="p2mass-atlas-ID00006s-jID00006.fits" link="input" register="false" transfer="false" optional="false" type="data" size="4154477"/>
    <uses file="p2mass-atlas-ID00006s-jID00006_area.fits" link="input" register="false" transfer="false" optional="false" type="data" size="4154477"/>
    <uses file="fitID00051.txt" link="output" register="false" transfer="false" optional="false" type="data" size="256"/>
    <uses file="diffID00051.txt" link="output" register="false" transfer="false" optional="false" type="data" size="378823"/>
  </job>
  <job id="ID00052" namespace="Montage" name="mDiffFit" version="1.0" runtime="10.72">
    <uses file="region.hdr" link="input" register="true" transfer="true" optional="false" type="data" size="304"/>
    <uses file="p2mass-atlas-ID00010s-jID00010.fits" link="input" register="false" transfer="false" optional="false" type="data" size="4172817"/>
    <uses file="p2mass-atlas-ID00010s-jID00010_area.fits" link="input" register="false" transfer="false" optional="false" type="data" size="4172817"/>
    <uses file="p2mass-atlas-ID00008s-jID00008.fits" link="input" register="false" transfer="false" optional="false" type="data" size="4152760"/>
    <uses file="p2mass-atlas-ID00008s-jID00008_area.fits" link="input" register="false" transfer="false" optional="false" type="data" size="4152760"/>
    <uses file="fitID00052.txt" link="output" register="false" transfer="false" optional="false" type="data" size="283"/>
    <uses file="diffID00052.txt" link="output" register="false" transfer="false" optional="false" type="data" size="293235"/>
  </job>
  <job id="ID00053" namespace="Montage" name="mDiffFit" version="1.0" runtime="10.86">
    <uses file="region.hdr" link="input" register="true" transfer="true" optional="false" type="data" size="304"/>
    <uses file="p2mass-atlas-ID00010s-jID00010.fits" link="input" register="false" transfer="false" optional="false" type="data" size="4142287"/>
    <uses file="p2mass-atlas-ID00010s-jID00010_area.fits" link="input" register="false" transfer="false" optional="false" type="data" size="4142287"/>
    <uses file="p2mass-atlas-ID00009s-jID00009.fits" link="input" register="false" transfer="false" optional="false" type="data" size="4155697"/>
    <uses file="p2mass-atlas-ID00009s-jID00009_area.fits" link="input" register="false" transfer="false" optional="false" type="data" size="4155697"/>
    <uses file="fitID00053.txt" link="output" register="false" transfer="false" optional="false" type="data" size="272"/>
    <uses file="diffID00053.txt" link="output" register="false" transfer="false" optional="false" type="data" size="207673"/>
  </job>
  <job id="ID00054" namespace="Montage" name="mDiffFit" version="1.0" runtime="10.66">
    <uses file="region.hdr" link="input" register="true" transfer="true" optional="false" type="data" size="304"/>
    <uses file="p2mass-atlas-ID00011s-jID00011.fits" link="input" register="false" transfer="false" optional="false" type="data" size="4156494"/>
    <uses file="p2mass-atlas-ID00011s-jID00011_area.fits" link="input" register="false" transfer="false" optional="false" type="data" size="4156494"/>
    <uses file="p2mass-atlas-ID00002s-jID00002.fits" link="input" register="false" transfer="false" optional="false" type="data" size="4154753"/>
    <uses file="p2mass-atlas-ID00002s-jID00002_area.fits" link="input" register="false" transfer="false" optional="false" type="data" size="4154753"/>
    <uses file="fitID00054.txt" link="output" register="false" transfer="false" optional="false" type="data" size="266"/>
    <uses file="diffID00054.txt" link="output" register="false" transfer="false" optional="false" type="data" size="218128"/>
  </job>
  <job id="ID00055" namespace="Montage" name="mDiffFit" version="1.0" runtime="10.57">
    <uses file="region.hdr" link="input" register="true" transfer="true" optional="false" type="data" size="304"/>
    <uses file="p2mass-atlas-ID00011s-jID00011.fits" link="input" register="false" transfer="false" optional="false" type="data" size="4144909"/>
    <uses file="p2mass-atlas-ID00011s-jID00011_area.fits" link="input" register="false" transfer="false" optional="false" type="data" size="4144909"/>
    <uses file="p2mass-atlas-ID00004s-jID00004.fits" link="input" register="false" transfer="false" optional="false" type="data" size="4171479"/>
    <uses file="p2mass-atlas-ID00004s-jID00004_area.fits" link="input" register="false" transfer="false" optional="false" type="data" size="4171479"/>
    <uses file="fitID00055.txt" link="output" register="false" transfer="false" optional="false" type="data" size="274"/>
    <uses file="diffID00055.txt" link="output" register="false" transfer="false" optional="false" type="data" size="367903"/>
  </job>
  <job id="ID00056" namespace="Montage" name="mDiffFit" version="1.0" runtime="10.65">
    <uses file="region.hdr" link="input" register="true" transfer="true" optional="false" type="data" size="304"/>
    <uses file="p2mass-atlas-ID00011s-jID00011.fits" link="input" register="false" transfer="false" optional="false" type="data" size="4145621"/>
    <uses file="p2mass-atlas-ID00011s-jID00011_area.fits" link="input" register="false" transfer="false" optional="false" type="data" size="4145621"/>
    <uses file="p2mass-atlas-ID00005s-jID00005.fits" link="input" register="false" transfer="false" optional="false" type="data" size="4170241"/>
    <uses file="p2mass-atlas-ID00005s-jID00005_area.fits" link="input" register="false" transfer="false" optional="false" type="data" size="4170241"/>
    <uses file="fitID00056.txt" link="output" register="false" transfer="false" optional="false" type="data" size="273"/>
    <uses file="diffID00056.txt" link="output" register="false" transfer="false" optional="false" type="data" size="237049"/>
  </job>
  <job id="ID00057" namespace="Montage" name="mDiffFit" version="1.0" runtime="10.51">
    <uses file="region.hdr" link="input" register="true" transfer="true" optional="false" type="data" size="304"/>
    <uses file="p2mass-atlas-ID00011s-jID00011.fits" link="input" register="false" transfer="false" optional="false" type="data" size="4169550"/>
    <uses file="p2mass-atlas-ID00011s-jID00011_area.fits" link="input" register="false" transfer="false" optional="false" type="data" size="4169550"/>
    <uses file="p2mass-atlas-ID00006s-jID00006.fits" link="input" register="false" transfer="false" optional="false" type="data" size="4136773"/>
    <uses file="p2mass-atlas-ID00006s-jID00006_area.fits" link="input" register="false" transfer="false" optional="false" type="data" size="4136773"/>
    <uses file="fitID00057.txt" link="output" register="false" transfer="false" optional="false" type="data" size="280"/>
    <uses file="diffID00057.txt" link="output" register="false" transfer="false" optional="false" type="data" size="393354"/>
  </job>
  <job id="ID00058" namespace="Montage" name="mDiffFit" version="1.0" runtime="10.64">
    <uses file="region.hdr" link="input" register="true" transfer="true" optional="false" type="data" size="304"/>
    <uses file="p2mass-atlas-ID00011s-jID00011.fits" link="input" register="false" transfer="false" optional="false" type="data" size="4160406"/>
    <uses file="p2mass-atlas-ID00011s-jID00011_area.fits" link="input" register="false" transfer="false" optional="false" type="data" size="4160406"/>
    <uses file="p2mass-atlas-ID00007s-jID00007.fits" link="input" register="false" transfer="false" optional="false" type="data" size="4178574"/>
    <uses file="p2mass-atlas-ID00007s-jID00007_area.fits" link="input" register="false" transfer="false" optional="false" type="data" size="4178574"/>
    <uses file="fitID00058.txt" link="output" register="false" transfer="false" optional="false" type="data" size="256"/>
    <uses file="diffID00058.txt" link="output" register="false" transfer="false" optional="false" type="data" size="398718"/>
  </job>
  <job id="ID00059" namespace="Montage" name="mDiffFit" version="1.0" runtime="10.82">
    <uses file="region.hdr" link="input" register="true" transfer="true" optional="false" type="data" size="304"/>
    <uses file="p2mass-atlas-ID00011s-jID00011.fits" link="input" register="false" transfer="false" optional="false" type="data" size="4154424"/>
    <uses file="p2mass-atlas-ID00011s-jID00011_area.fits" link="input" register="false" transfer="false" optional="false" type="data" size="4154424"/>
    <uses file="p2mass-atlas-ID00008s-jID00008.fits" link="input" register="false" transfer="false" optional="false" type="data" size="4166502"/>
    <uses file="p2mass-atlas-ID00008s-jID00008_area.fits" link="input" register="false" transfer="false" optional="false" type="data" size="4166502"/>
    <uses file="fitID00059.txt" link="output" register="false" transfer="false" optional="false" type="data" size="287"/>
    <uses file="diffID00059.txt" link="output" register="false" transfer="false" optional="false" type="data" size="172458"/>
  </job>
  <job id="ID00060" namespace="Montage" name="mDiffFit" version="1.0" runtime="10.61">
    <uses file="region.hdr" link="input" register="true" transfer="true" optional="false" type="data" size="304"/>
    <uses file="p2mass-atlas-ID00011s-jID00011.fits" link="input" register="false" transfer="false" optional="false" type="data" size="4160365"/>
    <uses file="p2mass-atlas-ID00011s-jID00011_area.fits" link="input" register="false" transfer="false" optional="false" type="data" size="4160365"/>
    <uses file="p2mass-atlas-ID00010s-jID00010.fits" link="input" register="false" transfer="false" optional="false" type="data" size="4175901"/>
    <uses file="p2mass-atlas-ID00010s-jID00010_area.fits" link="input" register="false" transfer="false" optional="false" type="data" size="4175901"/>
    <uses file="fitID00060.txt" link="output" register="false" transfer="false" optional="false" type="data" size="262"/>
    <uses file="diffID00060.txt" link="output" register="false" transfer="false" optional="false" type="data" size="286722"/>
  </job>
  <job id="ID00061" namespace="Montage" name="mDiffFit" version="1.0" runtime="10.69">
    <uses file="region.hdr" link="input" register="true" transfer="true" optional="false" type="data" size="304"/>
    <uses file="p2mass-atlas-ID00011s-jID00011.fits" link="input" register="false" transfer="false" optional="false" type="data" size="4139234"/>
    <uses file="p2mass-atlas-ID00011s-jID00011_area.fits" link="input" register="false" transfer="false" optional="false" type="data" size="4139234"/>
    <uses file="fitID00061.txt" link="output" register="false" transfer="false" optional="false" type="data" size="270"/>
    <uses file="diffID00061.txt" link="output" register="false" transfer="false" optional="false" type="data" size="160316"/>
  </job>
  <job id="ID00062" namespace="Montage" name="mConcatFit" version="1.0" runtime="4.00">
    <uses file="fits_list.tbl" link="input" register="true" transfer="true" optional="false" type="data" size="1363"/>
    <uses file="fitID00012.txt" link="input" register="false" transfer="false" optional="false" type="data" size="270"/>
    <uses file="diffID00012.txt" link="input" register="false" transfer="false" optional="false" type="data" size="299974"/>
    <uses file="fitID00013.txt" link="input" register="false" transfer="false" optional="false" type="data" size="291"/>
    <uses file="diffID00013.txt" link="input" register="false" transfer="false" optional="false" type="data" size="373522"/>
    <uses file="fitID00014.txt" link="input" register="false" transfer="false" optional="false" type="data" size="271"/>
    <uses file="diffID00014.txt" link="input" register="false" transfer="false" optional="false" type="data" size="328816"/>
    <uses file="fitID00015.txt" link="input" register="false" transfer="false" optional="false" type="data" size="275"/>
    <uses file="diffID00015.txt" link="input" register="false" transfer="false" optional="false" type="data" size="317709"/>
    <uses file="fitID00016.txt" link="input" register="false" transfer="false" optional="false" type="data" size="274"/>
    <uses file="diffID00016.txt" link="input" register="false" transfer="false" optional="false" type="data" size="375916"/>
    <uses file="fitID00017.txt" link="input" register="false" transfer="false" optional="false" type="data" size="286"/>
    <uses file="diffID00017.txt" link="input" register="false" transfer="false" optional="false" type="data" size="308651"/>
    <uses file="fitID00018.txt" link="input" register="false" transfer="false" optional="false" type="data" size="274"/>
    <uses file="diffID00018.txt" link="input" register="false" transfer="false" optional="false" type="data" size="350324"/>
    <uses file="fitID00019.txt" link="input" register="false" transfer="false" optional="false" type="data" size="280"/>
    <uses file="diffID00019.txt" link="input" register="false" transfer="false" optional="false" type="data" size="188186"/>
    <uses file="fitID00020.txt" link="input" register="false" transfer="false" optional="false" type="data" size="281"/>
    <uses file="diffID00020.txt" link="input" register="false" transfer="false" optional="false" type="data" size="217924"/>
    <uses file="fitID00021.txt" link="input" register="false" transfer="false" optional="false" type="data" size="263"/>
    <uses file="diffID00021.txt" link="input" register="false" transfer="false" optional="false" type="data" size="424399"/>
    <uses file="fitID00022.txt" link="input" register="false" transfer="false" optional="false" type="data" size="260"/>
    <uses file="diffID00022.txt" link="input" register="false" transfer="false" optional="false" type="data" size="386743"/>
    <uses file="fitID00023.txt" link="input" register="false" transfer="false" optional="false" type="data" size="273"/>
    <uses file="diffID00023.txt" link="input" register="false" transfer="false" optional="false" type="data" size="276035"/>
    <uses file="fitID00024.txt" link="input" register="false" transfer="false" optional="false" type="data" size="276"/>
    <uses file="diffID00024.txt" link="input" register="false" transfer="false" optional="false" type="data" size="202396"/>
    <uses file="fitID00025.txt" link="input" register="false" transfer="false" optional="false" type="data" size="280"/>
    <uses file="diffID00025.txt" link="input" register="false" transfer="false" optional="false" type="data" size="276189"/>
    <uses file="fitID00026.txt" link="input" register="false" transfer="false" optional="false" type="data" size="265"/>
    <uses file="diffID00026.txt" link="input" register="false" transfer="false" optional="false" type="data" size="364380"/>
    <uses file="fitID00027.txt" link="input" register="false" transfer="false" optional="false" type="data" size="279"/>
    <uses file="diffID00027.txt" link="input" register="false" transfer="false" optional="false" type="data" size="277954"/>
    <uses file="fitID00028.txt" link="input" register="false" transfer="false" optional="false" type="data" size="258"/>
    <uses file="diffID00028.txt" link="input" register="false" transfer="false" optional="false" type="data" size="388980"/>
    <uses file="fitID00029.txt" link="input" register="false" transfer="false" optional="false" type="data" size="274"/>
    <uses file="diffID00029.txt" link="input" register="false" transfer="false" optional="false" type="data" size="288012"/>
    <uses file="fitID00030.txt" link="input" register="false" transfer="false" optional="false" type="data" size="276"/>
    <uses file="diffID00030.txt" link="input" register="false" transfer="false" optional="false" type="data" size="148500"/>
    <uses file="fitID00031.txt" link="input" register="false" transfer="false" optional="false" type="data" size="285"/>
    <uses file="diffID00031.txt" link="input" register="false" transfer="false" optional="false" type="data" size="226562"/>
    <uses file="fitID00032.txt" link="input" register="false" transfer="false" optional="false" type="data" size="260"/>
    <uses file="diffID00032.txt" link="input" register="false" transfer="false" optional="false" type="data" size="215233"/>
    <uses file="fitID00033.txt" link="input" register="false" transfer="false" optional="false" type="data" size="267"/>
    <uses file="diffID00033.txt" link="input" register="false" transfer="false" optional="false" type="data" size="202400"/>
    <uses file="fitID00034.txt" link="input" register="false" transfer="false" optional="false" type="data" size="259"/>
    <uses file="diffID00034.txt" link="input" register="false" transfer="false" optional="false" type="data" size="272417"/>
    <uses file="fitID00035.txt" link="input" register="false" transfer="false" optional="false" type="data" size="263"/>
    <uses file="diffID00035.txt" link="input" register="false" transfer="false" optional="false" type="data" size="247670"/>
    <uses file="fitID00036.txt" link="input" register="false" transfer="false" optional="false" type="data" size="267"/>
    <uses file="diffID00036.txt" link="input" register="false" transfer="false" optional="false" type="data" size="348255"/>
    <uses file="fitID00037.txt" link="input" register="false" transfer="false" optional="false" type="data" size="261"/>
    <uses file="diffID00037.txt" link="input" register="false" transfer="false" optional="false" type="data" size="316234"/>
    <uses file="fitID00038.txt" link="input" register="false" transfer="false" optional="false" type="data" size="301"/>
    <uses file="diffID00038.txt" link="input" register="false" transfer="false" optional="false" type="data" size="229464"/>
    <uses file="fitID00039.txt" link="input" register="false" transfer="false" optional="false" type="data" size="271"/>
    <uses file="diffID00039.txt" link="input" register="false" transfer="false" optional="false" type="data" size="322223"/>
    <uses file="fitID00040.txt" link="input" register="false" transfer="false" optional="false" type="data" size="262"/>
    <uses file="diffID00040.txt" link="input" register="false" transfer="false" optional="false" type="data" size="154146"/>
    <uses file="fitID00041.txt" link="input" register="false" transfer="false" optional="false" type="data" size="265"/>
    <uses file="diffID00041.txt" link="input" register="false" transfer="false" optional="false" type="data" size="180285"/>
    <uses file="fitID00042.txt" link="input" register="false" transfer="false" optional="false" type="data" size="270"/>
    <uses file="diffID00042.txt" link="input" register="false" transfer="false" optional="false" type="data" size="228394"/>
    <uses file="fitID00043.txt" link="input" register="false" transfer="false" optional="false" type="data" size="290"/>
    <uses file="diffID00043.txt" link="input" register="false" transfer="false" optional="false" type="data" size="264618"/>
    <uses file="fitID00044.txt" link="input" register="false" transfer="false" optional="false" type="data" size="252"/>
    <uses file="diffID00044.txt" link="input" register="false" transfer="false" optional="false" type="data" size="354996"/>
    <uses file="fitID00045.txt" link="input" register="false" transfer="false" optional="false" type="data" size="271"/>
    <uses file="diffID00045.txt" link="input" register="false" transfer="false" optional="false" type="data" size="280905"/>
    <uses file="fitID00046.txt" link="input" register="false" transfer="false" optional="false" type="data" size="272"/>
    <uses file="diffID00046.txt" link="input" register="false" transfer="false" optional="false" type="data" size="195109"/>
    <uses file="fitID00047.txt" link="input" register="false" transfer="false" optional="false" type="data" size="261"/>
    <uses file="diffID00047.txt" link="input" register="false" transfer="false" optional="false" type="data" size="182399"/>
    <uses file="fitID00048.txt" link="input" register="false" transfer="false" optional="false" type="data" size="256"/>
    <uses file="diffID00048.txt" link="input" register="false" transfer="false" optional="false" type="data" size="189299"/>
    <uses file="fitID00049.txt" link="input" register="false" transfer="false" optional="false" type="data" size="268"/>
    <uses file="diffID00049.txt" link="input" register="false" transfer="false" optional="false" type="data" size="360836"/>
    <uses file="fitID00050.txt" link="input" register="false" transfer="false" optional="false" type="data" size="282"/>
    <uses file="diffID00050.txt" link="input" register="false" transfer="false" optional="false" type="data" size="159828"/>
    <uses file="fitID00051.txt" link="input" register="false" transfer="false" optional="false" type="data" size="256"/>
    <uses file="diffID00051.txt" link="input" register="false" transfer="false" optional="false" type="data" size="378823"/>
    <uses file="fitID00052.txt" link="input" register="false" transfer="false" optional="false" type="data" size="283"/>
    <uses file="diffID00052.txt" link="input" register="false" transfer="false" optional="false" type="data" size="293235"/>
    <uses file="fitID00053.txt" link="input" register="false" transfer="false" optional="false" type="data" size="272"/>
    <uses file="diffID00053.txt" link="input" register="false" transfer="false" optional="false" type="data" size="207673"/>
    <uses file="fitID00054.txt" link="input" register="false" transfer="false" optional="false" type="data" size="266"/>
    <uses file="diffID00054.txt" link="input" register="false" transfer="false" optional="false" type="data" size="218128"/>
    <uses file="fitID00055.txt" link="input" register="false" transfer="false" optional="false" type="data" size="274"/>
    <uses file="diffID00055.txt" link="input" register="false" transfer="false" optional="false" type="data" size="367903"/>
    <uses file="fitID00056.txt" link="input" register="false" transfer="false" optional="false" type="data" size="273"/>
    <uses file="diffID00056.txt" link="input" register="false" transfer="false" optional="false" type="data" size="237049"/>
    <uses file="fitID00057.txt" link="input" register="false" transfer="false" optional="false" type="data" size="280"/>
    <uses file="diffID00057.txt" link="input" register="false" transfer="false" optional="false" type="data" size="393354"/>
    <uses file="fitID00058.txt" link="input" register="false" transfer="false" optional="false" type="data" size="256"/>
    <uses file="diffID00058.txt" link="input" register="false" transfer="false" optional="false" type="data" size="398718"/>
    <uses file="fitID00059.txt" link="input" register="false" transfer="false" optional="false" type="data" size="287"/>
    <uses file="diffID00059.txt" link="input" register="false" transfer="false" optional="false" type="data" size="172458"/>
    <uses file="fitID00060.txt" link="input" register="false" transfer="false" optional="false" type="data" size="262"/>
    <uses file="diffID00060.txt" link="input" register="false" transfer="false" optional="false" type="data" size="286722"/>
    <uses file="fitID00061.txt" link="input" register="false" transfer="false" optional="false" type="data" size="270"/>
    <uses file="diffID00061.txt" link="input" register="false" transfer="false" optional="false" type="data" size="160316"/>
    <uses file="fits.tbl" link="output" register="false" transfer="false" optional="false" type="data" size="10497"/>
  </job>
  <job id="ID00063" namespace="Montage" name="mBgModel" version="1.0" runtime="3.26">
    <uses file="pimages.tbl" link="input" register="true" transfer="true" optional="false" type="data" size="2010"/>
    <uses file="fits.tbl" link="input" register="false" transfer="false" optional="false" type="data" size="10497"/>
    <uses file="corrections.tbl" link="output" register="false" transfer="false" optional="false" type="data" size="638"/>
  </job>
  <job id="ID00064" namespace="Montage" name="mBackground" version="1.0" runtime="11.00">
    <uses file="corrections.tbl" link="input" register="false" transfer="false" optional="false" type="data" size="638"/>
    <uses file="p2mass-atlas-ID00000s-jID00000.fits" link="input" register="false" transfer="false" optional="false" type="data" size="4164325"/>
    <uses file="p2mass-atlas-ID00000s-jID00000_area.fits" link="input" register="false" transfer="false" optional="false" type="data" size="4164325"/>
    <uses file="c2mass-atlas-ID00000s-jID00000.fits" link="output" register="false" transfer="false" optional="false" type="data" size="4164325"/>
    <uses file="c2mass-atlas-ID00000s-jID00000_area.fits" link="output" register="false" transfer="false" optional="false" type="data" size="4164325"/>
  </job>
  <job id="ID00065" namespace="Montage" name="mBackground" version="1.0" runtime="11.24">
    <uses file="corrections.tbl" link="input" register="false" transfer="false" optional="false" type="data" size="638"/>
    <uses file="p2mass-atlas-ID00001s-jID00001.fits" link="input" register="false" transfer="false" optional="false" type="data" size="4179783"/>
    <uses file="p2mass-atlas-ID00001s-jID00001_area.fits" link="input" register="false" transfer="false" optional="false" type="data" size="4179783"/>
    <uses file="c2mass-atlas-ID00001s-jID00001_area.fits" link="output" register="false" transfer="false" optional="false" type="data" size="4179783"/>
    <uses file="c2mass-atlas-ID00001s-jID00001.fits" link="output" register="false" transfer="false" optional="false" type="data" size="4179783"/>
  </job>
  <job id="ID00066" namespace="Montage" name="mBackground" version="1.0" runtime="11.27">
    <uses file="corrections.tbl" link="input" register="false" transfer="false" optional="false" type="data" size="638"/>
    <uses file="p2mass-atlas-ID00002s-jID00002.fits" link="input" register="false" transfer="false" optional="false" type="data" size="4163425"/>
    <uses file="p2mass-atlas-ID00002s-jID00002_area.fits" link="input" register="false" transfer="false" optional="false" type="data" size="4163425"/>
    <uses file="c2mass-atlas-ID00002s-jID00002.fits" link="output" register="false" transfer="false" optional="false" type="data" size="4163425"/>
    <uses file="c2mass-atlas-ID00002s-jID00002_area.fits" link="output" register="false" transfer="false" optional="false" type="data" size="4163425"/>
  </job>
  <job id="ID00067" namespace="Montage" name="mBackground" version="1.0" runtime="11.37">
    <uses file="corrections.tbl" link="input" register="false" transfer="false" optional="false" type="data" size="638"/>
    <uses file="p2mass-atlas-ID00003s-jID00003.fits" link="input" register="false" transfer="false" optional="false" type="data" size="4150118"/>
    <uses file="p2mass-atlas-ID00003s-jID00003_area.fits" link="input" register="false" transfer="false" optional="false" type="data" size="4150118"/>
    <uses file="c2mass-atlas-ID00003s-jID00003_area.fits" link="output" register="false" transfer="false" optional="false" type="data" size="4150118"/>
    <uses file="c2mass-atlas-ID00003s-jID00003.fits" link="output" register="false" transfer="false" optional="false" type="data" size="4150118"/>
  </job>
  <job id="ID00068" namespace="Montage" name="mBackground" version="1.0" runtime="10.90">
    <uses file="corrections.tbl" link="input" register="false" transfer="false" optional="false" type="data" size="638"/>
    <uses file="p2mass-atlas-ID00004s-jID00004.fits" link="input" register="false" transfer="false" optional="false" type="data" size="4179381"/>
    <uses file="p2mass-atlas-ID00004s-jID00004_area.fits" link="input" register="false" transfer="false" optional="false" type="data" size="4179381"/>
    <uses file="c2mass-atlas-ID00004s-jID00004_area.fits" link="output" register="false" transfer="false" optional="false" type="data" size="4179381"/>
    <uses file="c2mass-atlas-ID00004s-jID00004.fits" link="output" register="false" transfer="false" optional="false" type="data" size="4179381"/>
  </job>
  <job id="ID00069" namespace="Montage" name="mBackground" version="1.0" runtime="11.01">
    <uses file="corrections.tbl" link="input" register="false" transfer="false" optional="false" type="data" size="638"/>
    <uses file="p2mass-atlas-ID00005s-jID00005.fits" link="input" register="false" transfer="false" optional="false" type="data" size="4167761"/>
    <uses file="p2mass-atlas-ID00005s-jID00005_area.fits" link="input" register="false" transfer="false" optional="false" type="data" size="4167761"/>
    <uses file="c2mass-atlas-ID00005s-jID00005.fits" link="output" register="false" transfer="false" optional="false" type="data" size="4167761"/>
    <uses file="c2mass-atlas-ID00005s-jID00005_area.fits" link="output" register="false" transfer="false" optional="false" type="data" size="4167761"/>
  </job>
  <job id="ID00070" namespace="Montage" name="mBackground" version="1.0" runtime="10.68">
    <uses file="corrections.tbl" link="input" register="false" transfer="false" optional="false" type="data" size="638"/>
    <uses file="p2mass-atlas-ID00006s-jID00006.fits" link="input" register="false" transfer="false" optional="false" type="data" size="4158175"/>
    <uses file="p2mass-atlas-ID00006s-jID00006_area.fits" link="input" register="false" transfer="false" optional="false" type="data" size="4158175"/>
    <uses file="c2mass-atlas-ID00006s-jID00006_area.fits" link="output" register="false" transfer="false" optional="false" type="data" size="4158175"/>
    <uses file="c2mass-atlas-ID00006s-jID00006.fits" link="output" register="false" transfer="false" optional="false" type="data" size="4158175"/>
  </job>
  <job id="ID00071" namespace="Montage" name="mBackground" version="1.0" runtime="10.73">
    <uses file="corrections.tbl" link="input" register="false" transfer="false" optional="false" type="data" size="638"/>
    <uses file="p2mass-atlas-ID00007s-jID00007.fits" link="input" register="false" transfer="false" optional="false" type="data" size="4155008"/>
    <uses file="p2mass-atlas-ID00007s-jID00007_area.fits" link="input" register="false" transfer="false" optional="false" type="data" size="4155008"/>
    <uses file="c2mass-atlas-ID00007s-jID00007_area.fits" link="output" register="false" transfer="false" optional="false" type="data" size="4155008"/>
    <uses file="c2mass-atlas-ID00007s-jID00007.fits" link="output" register="false" transfer="false" optional="false" type="data" size="4155008"/>
  </job>
  <job id="ID00072" namespace="Montage" name="mBackground" version="1.0" runtime="10.81">
    <uses file="corrections.tbl" link="input" register="false" transfer="false" optional="false" type="data" size="638"/>
    <uses file="p2mass-atlas-ID00008s-jID00008.fits" link="input" register="false" transfer="false" optional="false" type="data" size="4161321"/>
    <uses file="p2mass-atlas-ID00008s-jID00008_area.fits" link="input" register="false" transfer="false" optional="false" type="data" size="4161321"/>
    <uses file="c2mass-atlas-ID00008s-jID00008_area.fits" link="output" register="false" transfer="false" optional="false" type="data" size="4161321"/>
    <uses file="c2mass-atlas-ID00008s-jID00008.fits" link="output" register="false" transfer="false" optional="false" type="data" size="4161321"/>
  </job>
  <job id="ID00073" namespace="Montage" name="mBackground" version="1.0" runtime="10.87">
    <uses file="corrections.tbl" link="input" register="false" transfer="false" optional="false" type="data" size="638"/>
    <uses file="p2mass-atlas-ID00009s-jID00009.fits" link="input" register="false" transfer="false" optional="false" type="data" size="4179119"/>
    <uses file="p2mass-atlas-ID00009s-jID00009_area.fits" link="input" register="false" transfer="false" optional="false" type="data" size="4179119"/>
    <uses file="c2mass-atlas-ID00009s-jID00009.fits" link="output" register="false" transfer="false" optional="false" type="data" size="4179119"/>
    <uses file="c2mass-atlas-ID00009s-jID00009_area.fits" link="output" register="false" transfer="false" optional="false" type="data" size="4179119"/>
  </job>
  <job id="ID00074" namespace="Montage" name="mBackground" version="1.0" runtime="10.72">
    <uses file="corrections.tbl" link="input" register="false" transfer="false" optional="false" type="data" size="638"/>
    <uses file="p2mass-atlas-ID00010s-jID00010.fits" link="input" register="false" transfer="false" optional="false" type="data" size="4158303"/>
    <uses file="p2mass-atlas-ID00010s-jID00010_area.fits" link="input" register="false" transfer="false" optional="false" type="data" size="4158303"/>
    <uses file="c2mass-atlas-ID00010s-jID00010.fits" link="output" register="false" transfer="false" optional="false" type="data" size="4158303"/>
    <uses file="c2mass-atlas-ID00010s-jID00010_area.fits" link="output" register="false" transfer="false" optional="false" type="data" size="4158303"/>
  </job>
  <job id="ID00075" namespace="Montage" name="mBackground" version="1.0" runtime="10.90">
    <uses file="corrections.tbl" link="input" register="false" transfer="false" optional="false" type="data" size="638"/>
    <uses file="p2mass-atlas-ID00011s-jID00011.fits" link="input" register="false" transfer="false" optional="false" type="data" size="4152509"/>
    <uses file="p2mass-atlas-ID00011s-jID00011_area.fits" link="input" register="false" transfer="false" optional="false" type="data" size="4152509"/>
    <uses file="c2mass-atlas-ID00011s-jID00011.fits" link="output" register="false" transfer="false" optional="false" type="data" size="4152509"/>
    <uses file="c2mass-atlas-ID00011s-jID00011_area.fits" link="output" register="false" transfer="false" optional="false" type="data" size="4152509"/>
  </job>
  <job id="ID00076" namespace="Montage" name="mImgTbl" version="1.0" runtime="4.54">
    <uses file="cimages.tbl" link="input" register="true" transfer="true" optional="false" type="data" size="2010"/>
    <uses file="c2mass-atlas-ID00000s-jID00000.fits" link="input" register="false" transfer="false" optional="false" type="data" size="4164325"/>
    <uses file="c2mass-atlas-ID00000s-jID00000_area.fits" link="input" register="false" transfer="false" optional="false" type="data" size="4164325"/>
    <uses file="c2mass-atlas-ID00001s-jID00001_area.fits" link="input" register="false" transfer="false" optional="false" type="data" size="4179783"/>
    <uses file="c2mass-atlas-ID00001s-jID00001.fits" link="input" register="false" transfer="false" optional="false" type="data" size="4179783"/>
    <uses file="c2mass-atlas-ID00002s-jID00002.fits" link="input" register="false" transfer="false" optional="false" type="data" size="4163425"/>
    <uses file="c2mass-atlas-ID00002s-jID00002_area.fits" link="input" register="false" transfer="false" optional="false" type="data" size="4163425"/>
    <uses file="c2mass-atlas-ID00003s-jID00003_area.fits" link="input" register="false" transfer="false" optional="false" type="data" size="4150118"/>
    <uses file="c2mass-atlas-ID00003s-jID00003.fits" link="input" register="false" transfer="false" optional="false" type="data" size="4150118"/>
    <uses file="c2mass-atlas-ID00004s-jID00004_area.fits" link="input" register="false" transfer="false" optional="false" type="data" size="4179381"/>
    <uses file="c2mass-atlas-ID00004s-jID00004.fits" link="input" register="false" transfer="false" optional="false" type="data" size="4179381"/>
    <uses file="c2mass-atlas-ID00005s-jID00005.fits" link="input" register="false" transfer="false" optional="false" type="data" size="4167761"/>
    <uses file="c2mass-atlas-ID00005s-jID00005_area.fits" link="input" register="false" transfer="false" optional="false" type="data" size="4167761"/>
    <uses file="c2mass-atlas-ID00006s-jID00006_area.fits" link="input" register="false" transfer="false" optional="false" type="data" size="4158175"/>
    <uses file="c2mass-atlas-ID00006s-jID00006.fits" link="input" register="false" transfer="false" optional="false" type="data" size="4158175"/>
    <uses file="c2mass-atlas-ID00007s-jID00007_area.fits" link="input" register="false" transfer="false" optional="false" type="data" size="4155008"/>
    <uses file="c2mass-atlas-ID00007s-jID00007.fits" link="input" register="false" transfer="false" optional="false" type="data" size="4155008"/>
    <uses file="c2mass-atlas-ID00008s-jID00008_area.fits" link="input" register="false" transfer="false" optional="false" type="data" size="4161321"/>
    <uses file="c2mass-atlas-ID00008s-jID00008.fits" link="input" register="false" transfer="false" optional="false" type="data" size="4161321"/>
    <uses file="c2mass-atlas-ID00009s-jID00009.fits" link="input" register="false" transfer="false" optional="false" type="data" size="4179119"/>
    <uses file="c2mass-atlas-ID00009s-jID00009_area.fits" link="input" register="false" transfer="false" optional="false" type="data" size="4179119"/>
    <uses file="c2mass-atlas-ID00010s-jID00010.fits" link="input" register="false" transfer="false" optional="false" type="data" size="4158303"/>
    <uses file="c2mass-atlas-ID00010s-jID00010_area.fits" link="input" register="false" transfer="false" optional="false" type="data" size="4158303"/>
    <uses file="c2mass-atlas-ID00011s-jID00011.fits" link="input" register="false" transfer="false" optional="false" type="data" size="4152509"/>
    <uses file="c2mass-atlas-ID00011s-jID00011_area.fits" link="input" register="false" transfer="false" optional="false" type="data" size="4152509"/>
    <uses file="newcimages.tbl" link="output" register="false" transfer="false" optional="false" type="data" size="4442"/>
  </job>
  <job id="ID00077" namespace="Montage" name="mAdd" version="1.0" runtime="7.20">
    <uses file="region.hdr" link="input" register="true" transfer="true" optional="false" type="data" size="304"/>
    <uses file="newcimages.tbl" link="input" register="false" transfer="false" optional="false" type="data" size="4442"/>
    <uses file="mosaic_ID00077_ID00077.fits" link="output" register="false" transfer="false" optional="false" type="data" size="69266587"/>
    <uses file="mosaic_ID00077_ID00077_area.fits" link="output" register="false" transfer="false" optional="false" type="data" size="69266587"/>
  </job>
  <job id="ID00078" namespace="Montage" name="mShrink" version="1.0" runtime="5.98">
    <uses file="mosaic_ID00077_ID00077.fits" link="input" register="false" transfer="false" optional="false" type="data" size="69266587"/>
    <uses file="mosaic_ID00077_ID00077_area.fits" link="input" register="false" transfer="false" optional="false" type="data" size="69266587"/>
    <uses file="shrunken_ID00078_ID00078.fits" link="output" register="false" transfer="false" optional="false" type="data" size="2771772"/>
  </job>
  <job id="ID00079" namespace="Montage" name="mJPEG" version="1.0" runtime="0.34">
    <uses file="shrunken_ID00078_ID00078.fits" link="input" register="false" transfer="false" optional="false" type="data" size="2771772"/>
    <uses file="shrunken_ID00078_ID00078.jpg" link="output" register="true" transfer="true" optional="false" type="data" size="191972"/>
  </job>
<!-- part 3: list of control-flow dependencies (may be empty) -->
  <child ref="ID00012">
    <parent ref="ID00004"/>
    <parent ref="ID00000"/>
  </child>
  <child ref="ID00013">
    <parent ref="ID00007"/>
    <parent ref="ID00000"/>
  </child>
  <child ref="ID00014">
    <parent ref="ID00000"/>
    <parent ref="ID00011"/>
  </child>
  <child ref="ID00015">
    <parent ref="ID00001"/>
  </child>
  <child ref="ID00016">
    <parent ref="ID00003"/>
    <parent ref="ID00001"/>
  </child>
  <child ref="ID00017">
    <parent ref="ID00004"/>
    <parent ref="ID00001"/>
  </child>
  <child ref="ID00018">
    <parent ref="ID00006"/>
    <parent ref="ID00001"/>
  </child>
  <child ref="ID00019">
    <parent ref="ID00007"/>
    <parent ref="ID00001"/>
  </child>
  <child ref="ID00020">
    <parent ref="ID00002"/>
    <parent ref="ID00001"/>
  </child>
  <child ref="ID00021">
    <parent ref="ID00003"/>
    <parent ref="ID00002"/>
  </child>
  <child ref="ID00022">
    <parent ref="ID00004"/>
    <parent ref="ID00002"/>
  </child>
  <child ref="ID00023">
    <parent ref="ID00005"/>
    <parent ref="ID00002"/>
  </child>
  <child ref="ID00024">
    <parent ref="ID00006"/>
    <parent ref="ID00002"/>
  </child>
  <child ref="ID00025">
    <parent ref="ID00007"/>
    <parent ref="ID00002"/>
  </child>
  <child ref="ID00026">
    <parent ref="ID00003"/>
    <parent ref="ID00007"/>
  </child>
  <child ref="ID00027">
    <parent ref="ID00003"/>
    <parent ref="ID00009"/>
  </child>
  <child ref="ID00028">
    <parent ref="ID00004"/>
    <parent ref="ID00009"/>
  </child>
  <child ref="ID00029">
    <parent ref="ID00004"/>
    <parent ref="ID00010"/>
  </child>
  <child ref="ID00030">
    <parent ref="ID00005"/>
    <parent ref="ID00000"/>
  </child>
  <child ref="ID00031">
    <parent ref="ID00005"/>
    <parent ref="ID00003"/>
  </child>
  <child ref="ID00032">
    <parent ref="ID00006"/>
    <parent ref="ID00002"/>
  </child>
  <child ref="ID00033">
    <parent ref="ID00006"/>
    <parent ref="ID00003"/>
  </child>
  <child ref="ID00034">
    <parent ref="ID00006"/>
    <parent ref="ID00004"/>
  </child>
  <child ref="ID00035">
    <parent ref="ID00006"/>
  </child>
  <child ref="ID00036">
    <parent ref="ID00006"/>
    <parent ref="ID00007"/>
  </child>
  <child ref="ID00037">
    <parent ref="ID00006"/>
    <parent ref="ID00009"/>
  </child>
  <child ref="ID00038">
    <parent ref="ID00006"/>
    <parent ref="ID00011"/>
  </child>
  <child ref="ID00039">
    <parent ref="ID00007"/>
    <parent ref="ID00002"/>
  </child>
  <child ref="ID00040">
    <parent ref="ID00003"/>
    <parent ref="ID00007"/>
  </child>
  <child ref="ID00041">
    <parent ref="ID00004"/>
    <parent ref="ID00007"/>
  </child>
  <child ref="ID00042">
    <parent ref="ID00005"/>
    <parent ref="ID00007"/>
  </child>
  <child ref="ID00043">
    <parent ref="ID00007"/>
    <parent ref="ID00010"/>
  </child>
  <child ref="ID00044">
    <parent ref="ID00007"/>
    <parent ref="ID00011"/>
  </child>
  <child ref="ID00045">
    <parent ref="ID00004"/>
    <parent ref="ID00009"/>
  </child>
  <child ref="ID00046">
    <parent ref="ID00006"/>
    <parent ref="ID00009"/>
  </child>
  <child ref="ID00047">
    <parent ref="ID00009"/>
    <parent ref="ID00008"/>
  </child>
  <child ref="ID00048">
    <parent ref="ID00009"/>
    <parent ref="ID00010"/>
  </child>
  <child ref="ID00049">
    <parent ref="ID00001"/>
    <parent ref="ID00010"/>
  </child>
  <child ref="ID00050">
    <parent ref="ID00002"/>
    <parent ref="ID00010"/>
  </child>
  <child ref="ID00051">
    <parent ref="ID00006"/>
    <parent ref="ID00010"/>
  </child>
  <child ref="ID00052">
    <parent ref="ID00008"/>
    <parent ref="ID00010"/>
  </child>
  <child ref="ID00053">
    <parent ref="ID00009"/>
    <parent ref="ID00010"/>
  </child>
  <child ref="ID00054">
    <parent ref="ID00002"/>
    <parent ref="ID00011"/>
  </child>
  <child ref="ID00055">
    <parent ref="ID00004"/>
    <parent ref="ID00011"/>
  </child>
  <child ref="ID00056">
    <parent ref="ID00005"/>
    <parent ref="ID00011"/>
  </child>
  <child ref="ID00057">
    <parent ref="ID00006"/>
    <parent ref="ID00011"/>
  </child>
  <child ref="ID00058">
    <parent ref="ID00007"/>
    <parent ref="ID00011"/>
  </child>
  <child ref="ID00059">
    <parent ref="ID00008"/>
    <parent ref="ID00011"/>
  </child>
  <child ref="ID00060">
    <parent ref="ID00011"/>
    <parent ref="ID00010"/>
  </child>
  <child ref="ID00061">
    <parent ref="ID00011"/>
  </child>
  <child ref="ID00062">
    <parent ref="ID00049"/>
    <parent ref="ID00048"/>
    <parent ref="ID00047"/>
    <parent ref="ID00042"/>
    <parent ref="ID00041"/>
    <parent ref="ID00040"/>
    <parent ref="ID00046"/>
    <parent ref="ID00045"/>
    <parent ref="ID00044"/>
    <parent ref="ID00043"/>
    <parent ref="ID00039"/>
    <parent ref="ID00038"/>
    <parent ref="ID00037"/>
    <parent ref="ID00036"/>
    <parent ref="ID00031"/>
    <parent ref="ID00030"/>
    <parent ref="ID00035"/>
    <parent ref="ID00034"/>
    <parent ref="ID00033"/>
    <parent ref="ID00032"/>
    <parent ref="ID00060"/>
    <parent ref="ID00028"/>
    <parent ref="ID00027"/>
    <parent ref="ID00026"/>
    <parent ref="ID00025"/>
    <parent ref="ID00029"/>
    <parent ref="ID00020"/>
    <parent ref="ID00061"/>
    <parent ref="ID00024"/>
    <parent ref="ID00023"/>
    <parent ref="ID00022"/>
    <parent ref="ID00021"/>
    <parent ref="ID00017"/>
    <parent ref="ID00016"/>
    <parent ref="ID00015"/>
    <parent ref="ID00059"/>
    <parent ref="ID00014"/>
    <parent ref="ID00058"/>
    <parent ref="ID00019"/>
    <parent ref="ID00018"/>
    <parent ref="ID00053"/>
    <parent ref="ID00052"/>
    <parent ref="ID00051"/>
    <parent ref="ID00050"/>
    <parent ref="ID00013"/>
    <parent ref="ID00057"/>
    <parent ref="ID00012"/>
    <parent ref="ID00056"/>
    <parent ref="ID00055"/>
    <parent ref="ID00054"/>
  </child>
  <child ref="ID00063">
    <parent ref="ID00062"/>
  </child>
  <child ref="ID00064">
    <parent ref="ID00063"/>
    <parent ref="ID00000"/>
  </child>
  <child ref="ID00065">
    <parent ref="ID00063"/>
    <parent ref="ID00001"/>
  </child>
  <child ref="ID00066">
    <parent ref="ID00063"/>
    <parent ref="ID00002"/>
  </child>
  <child ref="ID00067">
    <parent ref="ID00003"/>
    <parent ref="ID00063"/>
  </child>
  <child ref="ID00068">
    <parent ref="ID00004"/>
    <parent ref="ID00063"/>
  </child>
  <child ref="ID00069">
    <parent ref="ID00005"/>
    <parent ref="ID00063"/>
  </child>
  <child ref="ID00070">
    <parent ref="ID00006"/>
    <parent ref="ID00063"/>
  </child>
  <child ref="ID00071">
    <parent ref="ID00007"/>
    <parent ref="ID00063"/>
  </child>
  <child ref="ID00072">
    <parent ref="ID00008"/>
    <parent ref="ID00063"/>
  </child>
  <child ref="ID00073">
    <parent ref="ID00009"/>
    <parent ref="ID00063"/>
  </child>
  <child ref="ID00074">
    <parent ref="ID00063"/>
    <parent ref="ID00010"/>
  </child>
  <child ref="ID00075">
    <parent ref="ID00063"/>
    <parent ref="ID00011"/>
  </child>
  <child ref="ID00076">
    <parent ref="ID00069"/>
    <parent ref="ID00071"/>
    <parent ref="ID00070"/>
    <parent ref="ID00064"/>
    <parent ref="ID00075"/>
    <parent ref="ID00074"/>
    <parent ref="ID00073"/>
    <parent ref="ID00072"/>
    <parent ref="ID00068"/>
    <parent ref="ID00067"/>
    <parent ref="ID00066"/>
    <parent ref="ID00065"/>
  </child>
  <child ref="ID00077">
    <parent ref="ID00076"/>
  </child>
  <child ref="ID00078">
    <parent ref="ID00077"/>
  </child>
  <child ref="ID00079">
    <parent ref="ID00078"/>
  </child>
</adag>
