<?xml version="1.0" encoding="UTF-8"?>
<!-- generated: 2018-12-11T10:32:05+08:00 -->
<!-- generated by: 门 [??] -->
<adag xmlns="http://pegasus.isi.edu/schema/DAX" xmlns:xsi="http://www.w3.org/2001/XMLSchema-instance" xsi:schemaLocation="http://pegasus.isi.edu/schema/DAX http://pegasus.isi.edu/schema/dax-2.1.xsd" version="2.1" count="1" index="0" name="test" jobCount="40" fileCount="0" childCount="33">
<!-- part 1: list of all referenced files (may be empty) -->
<!-- part 2: definition of all jobs (at least one) -->
  <job id="ID00000" namespace="Montage" name="mProjectPP" version="1.0" runtime="13.76">
    <uses file="region.hdr" link="input" register="true" transfer="true" optional="false" type="data" size="304"/>
    <uses file="2mass-atlas-ID00000s-jID00000.fits" link="input" register="true" transfer="true" optional="false" type="data" size="4222080"/>
    <uses file="p2mass-atlas-ID00000s-jID00000.fits" link="output" register="false" transfer="false" optional="false" type="data" size="4164914"/>
    <uses file="p2mass-atlas-ID00000s-jID00000_area.fits" link="output" register="false" transfer="false" optional="false" type="data" size="4164914"/>
  </job>
  <job id="ID00001" namespace="Montage" name="mProjectPP" version="1.0" runtime="13.28">
    <uses file="region.hdr" link="input" register="true" transfer="true" optional="false" type="data" size="304"/>
    <uses file="2mass-atlas-ID00001s-jID00001.fits" link="input" register="true" transfer="true" optional="false" type="data" size="4222080"/>
    <uses file="p2mass-atlas-ID00001s-jID00001.fits" link="output" register="false" transfer="false" optional="false" type="data" size="4143152"/>
    <uses file="p2mass-atlas-ID00001s-jID00001_area.fits" link="output" register="false" transfer="false" optional="false" type="data" size="4143152"/>
  </job>
  <job id="ID00002" namespace="Montage" name="mProjectPP" version="1.0" runtime="13.76">
    <uses file="region.hdr" link="input" register="true" transfer="true" optional="false" type="data" size="304"/>
    <uses file="2mass-atlas-ID00002s-jID00002.fits" link="input" register="true" transfer="true" optional="false" type="data" size="4222080"/>
    <uses file="p2mass-atlas-ID00002s-jID00002.fits" link="output" register="false" transfer="false" optional="false" type="data" size="4153060"/>
    <uses file="p2mass-atlas-ID00002s-jID00002_area.fits" link="output" register="false" transfer="false" optional="false" type="data" size="4153060"/>
  </job>
  <job id="ID00003" namespace="Montage" name="mProjectPP" version="1.0" runtime="13.87">
    <uses file="region.hdr" link="input" register="true" transfer="true" optional="false" type="data" size="304"/>
    <uses file="2mass-atlas-ID00003s-jID00003.fits" link="input" register="true" transfer="true" optional="false" type="data" size="4222080"/>
    <uses file="p2mass-atlas-ID00003s-jID00003.fits" link="output" register="false" transfer="false" optional="false" type="data" size="4153853"/>
    <uses file="p2mass-atlas-ID00003s-jID00003_area.fits" link="output" register="false" transfer="false" optional="false" type="data" size="4153853"/>
  </job>
  <job id="ID00004" namespace="Montage" name="mProjectPP" version="1.0" runtime="13.29">
    <uses file="region.hdr" link="input" register="true" transfer="true" optional="false" type="data" size="304"/>
    <uses file="2mass-atlas-ID00004s-jID00004.fits" link="input" register="true" transfer="true" optional="false" type="data" size="4222080"/>
    <uses file="p2mass-atlas-ID00004s-jID00004.fits" link="output" register="false" transfer="false" optional="false" type="data" size="4166844"/>
    <uses file="p2mass-atlas-ID00004s-jID00004_area.fits" link="output" register="false" transfer="false" optional="false" type="data" size="4166844"/>
  </job>
  <job id="ID00005" namespace="Montage" name="mProjectPP" version="1.0" runtime="13.67">
    <uses file="region.hdr" link="input" register="true" transfer="true" optional="false" type="data" size="304"/>
    <uses file="2mass-atlas-ID00005s-jID00005.fits" link="input" register="true" transfer="true" optional="false" type="data" size="4222080"/>
    <uses file="p2mass-atlas-ID00005s-jID00005.fits" link="output" register="false" transfer="false" optional="false" type="data" size="4162293"/>
    <uses file="p2mass-atlas-ID00005s-jID00005_area.fits" link="output" register="false" transfer="false" optional="false" type="data" size="4162293"/>
  </job>
  <job id="ID00006" namespace="Montage" name="mProjectPP" version="1.0" runtime="13.83">
    <uses file="region.hdr" link="input" register="true" transfer="true" optional="false" type="data" size="304"/>
    <uses file="2mass-atlas-ID00006s-jID00006.fits" link="input" register="true" transfer="true" optional="false" type="data" size="4222080"/>
    <uses file="p2mass-atlas-ID00006s-jID00006.fits" link="output" register="false" transfer="false" optional="false" type="data" size="4168719"/>
    <uses file="p2mass-atlas-ID00006s-jID00006_area.fits" link="output" register="false" transfer="false" optional="false" type="data" size="4168719"/>
  </job>
  <job id="ID00007" namespace="Montage" name="mDiffFit" version="1.0" runtime="10.48">
    <uses file="region.hdr" link="input" register="true" transfer="true" optional="false" type="data" size="304"/>
    <uses file="p2mass-atlas-ID00000s-jID00000.fits" link="input" register="false" transfer="false" optional="false" type="data" size="4164914"/>
    <uses file="p2mass-atlas-ID00000s-jID00000_area.fits" link="input" register="false" transfer="false" optional="false" type="data" size="4164914"/>
    <uses file="fitID00007.txt" link="output" register="false" transfer="false" optional="false" type="data" size="278"/>
    <uses file="diffID00007.txt" link="output" register="false" transfer="false" optional="false" type="data" size="293332"/>
  </job>
  <job id="ID00008" namespace="Montage" name="mDiffFit" version="1.0" runtime="10.56">
    <uses file="region.hdr" link="input" register="true" transfer="true" optional="false" type="data" size="304"/>
    <uses file="p2mass-atlas-ID00000s-jID00000.fits" link="input" register="false" transfer="false" optional="false" type="data" size="4151109"/>
    <uses file="p2mass-atlas-ID00000s-jID00000_area.fits" link="input" register="false" transfer="false" optional="false" type="data" size="4151109"/>
    <uses file="p2mass-atlas-ID00005s-jID00005.fits" link="input" register="false" transfer="false" optional="false" type="data" size="4162293"/>
    <uses file="p2mass-atlas-ID00005s-jID00005_area.fits" link="input" register="false" transfer="false" optional="false" type="data" size="4162293"/>
    <uses file="fitID00008.txt" link="output" register="false" transfer="false" optional="false" type="data" size="259"/>
    <uses file="diffID00008.txt" link="output" register="false" transfer="false" optional="false" type="data" size="314816"/>
  </job>
  <job id="ID00009" namespace="Montage" name="mDiffFit" version="1.0" runtime="10.67">
    <uses file="region.hdr" link="input" register="true" transfer="true" optional="false" type="data" size="304"/>
    <uses file="p2mass-atlas-ID00001s-jID00001.fits" link="input" register="false" transfer="false" optional="false" type="data" size="4143152"/>
    <uses file="p2mass-atlas-ID00001s-jID00001_area.fits" link="input" register="false" transfer="false" optional="false" type="data" size="4143152"/>
    <uses file="fitID00009.txt" link="output" register="false" transfer="false" optional="false" type="data" size="259"/>
    <uses file="diffID00009.txt" link="output" register="false" transfer="false" optional="false" type="data" size="275564"/>
  </job>
  <job id="ID00010" namespace="Montage" name="mDiffFit" version="1.0" runtime="10.58">
    <uses file="region.hdr" link="input" register="true" transfer="true" optional="false" type="data" size="304"/>
    <uses file="p2mass-atlas-ID00001s-jID00001.fits" link="input" register="false" transfer="false" optional="false" type="data" size="4166502"/>
    <uses file="p2mass-atlas-ID00001s-jID00001_area.fits" link="input" register="false" transfer="false" optional="false" type="data" size="4166502"/>
    <uses file="p2mass-atlas-ID00003s-jID00003.fits" link="input" register="false" transfer="false" optional="false" type="data" size="4153853"/>
    <uses file="p2mass-atlas-ID00003s-jID00003_area.fits" link="input" register="false" transfer="false" optional="false" type="data" size="4153853"/>
    <uses file="fitID00010.txt" link="output" register="false" transfer="false" optional="false" type="data" size="262"/>
    <uses file="diffID00010.txt" link="output" register="false" transfer="false" optional="false" type="data" size="262890"/>
  </job>
  <job id="ID00011" namespace="Montage" name="mDiffFit" version="1.0" runtime="10.28">
    <uses file="region.hdr" link="input" register="true" transfer="true" optional="false" type="data" size="304"/>
    <uses file="p2mass-atlas-ID00002s-jID00002.fits" link="input" register="false" transfer="false" optional="false" type="data" size="4153060"/>
    <uses file="p2mass-atlas-ID00002s-jID00002_area.fits" link="input" register="false" transfer="false" optional="false" type="data" size="4153060"/>
    <uses file="fitID00011.txt" link="output" register="false" transfer="false" optional="false" type="data" size="277"/>
    <uses file="diffID00011.txt" link="output" register="false" transfer="false" optional="false" type="data" size="356998"/>
  </job>
  <job id="ID00012" namespace="Montage" name="mDiffFit" version="1.0" runtime="10.95">
    <uses file="region.hdr" link="input" register="true" transfer="true" optional="false" type="data" size="304"/>
    <uses file="p2mass-atlas-ID00002s-jID00002.fits" link="input" register="false" transfer="false" optional="false" type="data" size="4167157"/>
    <uses file="p2mass-atlas-ID00002s-jID00002_area.fits" link="input" register="false" transfer="false" optional="false" type="data" size="4167157"/>
    <uses file="p2mass-atlas-ID00003s-jID00003.fits" link="input" register="false" transfer="false" optional="false" type="data" size="4159634"/>
    <uses file="p2mass-atlas-ID00003s-jID00003_area.fits" link="input" register="false" transfer="false" optional="false" type="data" size="4159634"/>
    <uses file="fitID00012.txt" link="output" register="false" transfer="false" optional="false" type="data" size="257"/>
    <uses file="diffID00012.txt" link="output" register="false" transfer="false" optional="false" type="data" size="154618"/>
  </job>
  <job id="ID00013" namespace="Montage" name="mDiffFit" version="1.0" runtime="10.52">
    <uses file="region.hdr" link="input" register="true" transfer="true" optional="false" type="data" size="304"/>
    <uses file="p2mass-atlas-ID00002s-jID00002.fits" link="input" register="false" transfer="false" optional="false" type="data" size="4152141"/>
    <uses file="p2mass-atlas-ID00002s-jID00002_area.fits" link="input" register="false" transfer="false" optional="false" type="data" size="4152141"/>
    <uses file="p2mass-atlas-ID00005s-jID00005.fits" link="input" register="false" transfer="false" optional="false" type="data" size="4171111"/>
    <uses file="p2mass-atlas-ID00005s-jID00005_area.fits" link="input" register="false" transfer="false" optional="false" type="data" size="4171111"/>
    <uses file="fitID00013.txt" link="output" register="false" transfer="false" optional="false" type="data" size="279"/>
    <uses file="diffID00013.txt" link="output" register="false" transfer="false" optional="false" type="data" size="318389"/>
  </job>
  <job id="ID00014" namespace="Montage" name="mDiffFit" version="1.0" runtime="10.41">
    <uses file="region.hdr" link="input" register="true" transfer="true" optional="false" type="data" size="304"/>
    <uses file="p2mass-atlas-ID00003s-jID00003.fits" link="input" register="false" transfer="false" optional="false" type="data" size="4170638"/>
    <uses file="p2mass-atlas-ID00003s-jID00003_area.fits" link="input" register="false" transfer="false" optional="false" type="data" size="4170638"/>
    <uses file="p2mass-atlas-ID00000s-jID00000.fits" link="input" register="false" transfer="false" optional="false" type="data" size="4166363"/>
    <uses file="p2mass-atlas-ID00000s-jID00000_area.fits" link="input" register="false" transfer="false" optional="false" type="data" size="4166363"/>
    <uses file="fitID00014.txt" link="output" register="false" transfer="false" optional="false" type="data" size="271"/>
    <uses file="diffID00014.txt" link="output" register="false" transfer="false" optional="false" type="data" size="235975"/>
  </job>
  <job id="ID00015" namespace="Montage" name="mDiffFit" version="1.0" runtime="10.57">
    <uses file="region.hdr" link="input" register="true" transfer="true" optional="false" type="data" size="304"/>
    <uses file="p2mass-atlas-ID00003s-jID00003.fits" link="input" register="false" transfer="false" optional="false" type="data" size="4166278"/>
    <uses file="p2mass-atlas-ID00003s-jID00003_area.fits" link="input" register="false" transfer="false" optional="false" type="data" size="4166278"/>
    <uses file="p2mass-atlas-ID00002s-jID00002.fits" link="input" register="false" transfer="false" optional="false" type="data" size="4150114"/>
    <uses file="p2mass-atlas-ID00002s-jID00002_area.fits" link="input" register="false" transfer="false" optional="false" type="data" size="4150114"/>
    <uses file="fitID00015.txt" link="output" register="false" transfer="false" optional="false" type="data" size="266"/>
    <uses file="diffID00015.txt" link="output" register="false" transfer="false" optional="false" type="data" size="365570"/>
  </job>
  <job id="ID00016" namespace="Montage" name="mDiffFit" version="1.0" runtime="10.73">
    <uses file="region.hdr" link="input" register="true" transfer="true" optional="false" type="data" size="304"/>
    <uses file="p2mass-atlas-ID00003s-jID00003.fits" link="input" register="false" transfer="false" optional="false" type="data" size="4172585"/>
    <uses file="p2mass-atlas-ID00003s-jID00003_area.fits" link="input" register="false" transfer="false" optional="false" type="data" size="4172585"/>
    <uses file="fitID00016.txt" link="output" register="false" transfer="false" optional="false" type="data" size="282"/>
    <uses file="diffID00016.txt" link="output" register="false" transfer="false" optional="false" type="data" size="379356"/>
  </job>
  <job id="ID00017" namespace="Montage" name="mDiffFit" version="1.0" runtime="10.65">
    <uses file="region.hdr" link="input" register="true" transfer="true" optional="false" type="data" size="304"/>
    <uses file="p2mass-atlas-ID00003s-jID00003.fits" link="input" register="false" transfer="false" optional="false" type="data" size="4172047"/>
    <uses file="p2mass-atlas-ID00003s-jID00003_area.fits" link="input" register="false" transfer="false" optional="false" type="data" size="4172047"/>
    <uses file="p2mass-atlas-ID00006s-jID00006.fits" link="input" register="false" transfer="false" optional="false" type="data" size="4168719"/>
    <uses file="p2mass-atlas-ID00006s-jID00006_area.fits" link="input" register="false" transfer="false" optional="false" type="data" size="4168719"/>
    <uses file="fitID00017.txt" link="output" register="false" transfer="false" optional="false" type="data" size="278"/>
    <uses file="diffID00017.txt" link="output" register="false" transfer="false" optional="false" type="data" size="298169"/>
  </job>
  <job id="ID00018" namespace="Montage" name="mDiffFit" version="1.0" runtime="10.55">
    <uses file="region.hdr" link="input" register="true" transfer="true" optional="false" type="data" size="304"/>
    <uses file="p2mass-atlas-ID00004s-jID00004.fits" link="input" register="false" transfer="false" optional="false" type="data" size="4166844"/>
    <uses file="p2mass-atlas-ID00004s-jID00004_area.fits" link="input" register="false" transfer="false" optional="false" type="data" size="4166844"/>
    <uses file="p2mass-atlas-ID00000s-jID00000.fits" link="input" register="false" transfer="false" optional="false" type="data" size="4169031"/>
    <uses file="p2mass-atlas-ID00000s-jID00000_area.fits" link="input" register="false" transfer="false" optional="false" type="data" size="4169031"/>
    <uses file="fitID00018.txt" link="output" register="false" transfer="false" optional="false" type="data" size="290"/>
    <uses file="diffID00018.txt" link="output" register="false" transfer="false" optional="false" type="data" size="162398"/>
  </job>
  <job id="ID00019" namespace="Montage" name="mDiffFit" version="1.0" runtime="10.56">
    <uses file="region.hdr" link="input" register="true" transfer="true" optional="false" type="data" size="304"/>
    <uses file="p2mass-atlas-ID00004s-jID00004.fits" link="input" register="false" transfer="false" optional="false" type="data" size="4147549"/>
    <uses file="p2mass-atlas-ID00004s-jID00004_area.fits" link="input" register="false" transfer="false" optional="false" type="data" size="4147549"/>
    <uses file="p2mass-atlas-ID00001s-jID00001.fits" link="input" register="false" transfer="false" optional="false" type="data" size="4182525"/>
    <uses file="p2mass-atlas-ID00001s-jID00001_area.fits" link="input" register="false" transfer="false" optional="false" type="data" size="4182525"/>
    <uses file="fitID00019.txt" link="output" register="false" transfer="false" optional="false" type="data" size="277"/>
    <uses file="diffID00019.txt" link="output" register="false" transfer="false" optional="false" type="data" size="362269"/>
  </job>
  <job id="ID00020" namespace="Montage" name="mDiffFit" version="1.0" runtime="10.65">
    <uses file="region.hdr" link="input" register="true" transfer="true" optional="false" type="data" size="304"/>
    <uses file="p2mass-atlas-ID00004s-jID00004.fits" link="input" register="false" transfer="false" optional="false" type="data" size="4173677"/>
    <uses file="p2mass-atlas-ID00004s-jID00004_area.fits" link="input" register="false" transfer="false" optional="false" type="data" size="4173677"/>
    <uses file="p2mass-atlas-ID00002s-jID00002.fits" link="input" register="false" transfer="false" optional="false" type="data" size="4155384"/>
    <uses file="p2mass-atlas-ID00002s-jID00002_area.fits" link="input" register="false" transfer="false" optional="false" type="data" size="4155384"/>
    <uses file="fitID00020.txt" link="output" register="false" transfer="false" optional="false" type="data" size="259"/>
    <uses file="diffID00020.txt" link="output" register="false" transfer="false" optional="false" type="data" size="175855"/>
  </job>
  <job id="ID00021" namespace="Montage" name="mDiffFit" version="1.0" runtime="10.66">
    <uses file="region.hdr" link="input" register="true" transfer="true" optional="false" type="data" size="304"/>
    <uses file="p2mass-atlas-ID00004s-jID00004.fits" link="input" register="false" transfer="false" optional="false" type="data" size="4157114"/>
    <uses file="p2mass-atlas-ID00004s-jID00004_area.fits" link="input" register="false" transfer="false" optional="false" type="data" size="4157114"/>
    <uses file="fitID00021.txt" link="output" register="false" transfer="false" optional="false" type="data" size="281"/>
    <uses file="diffID00021.txt" link="output" register="false" transfer="false" optional="false" type="data" size="415177"/>
  </job>
  <job id="ID00022" namespace="Montage" name="mDiffFit" version="1.0" runtime="10.67">
    <uses file="region.hdr" link="input" register="true" transfer="true" optional="false" type="data" size="304"/>
    <uses file="p2mass-atlas-ID00004s-jID00004.fits" link="input" register="false" transfer="false" optional="false" type="data" size="4172468"/>
    <uses file="p2mass-atlas-ID00004s-jID00004_area.fits" link="input" register="false" transfer="false" optional="false" type="data" size="4172468"/>
    <uses file="p2mass-atlas-ID00005s-jID00005.fits" link="input" register="false" transfer="false" optional="false" type="data" size="4159195"/>
    <uses file="p2mass-atlas-ID00005s-jID00005_area.fits" link="input" register="false" transfer="false" optional="false" type="data" size="4159195"/>
    <uses file="fitID00022.txt" link="output" register="false" transfer="false" optional="false" type="data" size="277"/>
    <uses file="diffID00022.txt" link="output" register="false" transfer="false" optional="false" type="data" size="406657"/>
  </job>
  <job id="ID00023" namespace="Montage" name="mDiffFit" version="1.0" runtime="10.55">
    <uses file="region.hdr" link="input" register="true" transfer="true" optional="false" type="data" size="304"/>
    <uses file="p2mass-atlas-ID00005s-jID00005.fits" link="input" register="false" transfer="false" optional="false" type="data" size="4164733"/>
    <uses file="p2mass-atlas-ID00005s-jID00005_area.fits" link="input" register="false" transfer="false" optional="false" type="data" size="4164733"/>
    <uses file="fitID00023.txt" link="output" register="false" transfer="false" optional="false" type="data" size="257"/>
    <uses file="diffID00023.txt" link="output" register="false" transfer="false" optional="false" type="data" size="255040"/>
  </job>
  <job id="ID00024" namespace="Montage" name="mDiffFit" version="1.0" runtime="10.37">
    <uses file="region.hdr" link="input" register="true" transfer="true" optional="false" type="data" size="304"/>
    <uses file="p2mass-atlas-ID00006s-jID00006.fits" link="input" register="false" transfer="false" optional="false" type="data" size="4146378"/>
    <uses file="p2mass-atlas-ID00006s-jID00006_area.fits" link="input" register="false" transfer="false" optional="false" type="data" size="4146378"/>
    <uses file="p2mass-atlas-ID00000s-jID00000.fits" link="input" register="false" transfer="false" optional="false" type="data" size="4144799"/>
    <uses file="p2mass-atlas-ID00000s-jID00000_area.fits" link="input" register="false" transfer="false" optional="false" type="data" size="4144799"/>
    <uses file="fitID00024.txt" link="output" register="false" transfer="false" optional="false" type="data" size="256"/>
    <uses file="diffID00024.txt" link="output" register="false" transfer="false" optional="false" type="data" size="327073"/>
  </job>
  <job id="ID00025" namespace="Montage" name="mDiffFit" version="1.0" runtime="10.53">
    <uses file="region.hdr" link="input" register="true" transfer="true" optional="false" type="data" size="304"/>
    <uses file="p2mass-atlas-ID00006s-jID00006.fits" link="input" register="false" transfer="false" optional="false" type="data" size="4161225"/>
    <uses file="p2mass-atlas-ID00006s-jID00006_area.fits" link="input" register="false" transfer="false" optional="false" type="data" size="4161225"/>
    <uses file="p2mass-atlas-ID00001s-jID00001.fits" link="input" register="false" transfer="false" optional="false" type="data" size="4158566"/>
    <uses file="p2mass-atlas-ID00001s-jID00001_area.fits" link="input" register="false" transfer="false" optional="false" type="data" size="4158566"/>
    <uses file="fitID00025.txt" link="output" register="false" transfer="false" optional="false" type="data" size="269"/>
    <uses file="diffID00025.txt" link="output" register="false" transfer="false" optional="false" type="data" size="256779"/>
  </job>
  <job id="ID00026" namespace="Montage" name="mDiffFit" version="1.0" runtime="10.53">
    <uses file="region.hdr" link="input" register="true" transfer="true" optional="false" type="data" size="304"/>
    <uses file="p2mass-atlas-ID00006s-jID00006.fits" link="input" register="false" transfer="false" optional="false" type="data" size="4142966"/>
    <uses file="p2mass-atlas-ID00006s-jID00006_area.fits" link="input" register="false" transfer="false" optional="false" type="data" size="4142966"/>
    <uses file="p2mass-atlas-ID00002s-jID00002.fits" link="input" register="false" transfer="false" optional="false" type="data" size="4167351"/>
    <uses file="p2mass-atlas-ID00002s-jID00002_area.fits" link="input" register="false" transfer="false" optional="false" type="data" size="4167351"/>
    <uses file="fitID00026.txt" link="output" register="false" transfer="false" optional="false" type="data" size="274"/>
    <uses file="diffID00026.txt" link="output" register="false" transfer="false" optional="false" type="data" size="207340"/>
  </job>
  <job id="ID00027" namespace="Montage" name="mConcatFit" version="1.0" runtime="1.60">
    <uses file="fits_list.tbl" link="input" register="true" transfer="true" optional="false" type="data" size="545"/>
    <uses file="fitID00007.txt" link="input" register="false" transfer="false" optional="false" type="data" size="278"/>
    <uses file="diffID00007.txt" link="input" register="false" transfer="false" optional="false" type="data" size="293332"/>
    <uses file="fitID00008.txt" link="input" register="false" transfer="false" optional="false" type="data" size="259"/>
    <uses file="diffID00008.txt" link="input" register="false" transfer="false" optional="false" type="data" size="314816"/>
    <uses file="fitID00009.txt" link="input" register="false" transfer="false" optional="false" type="data" size="259"/>
    <uses file="diffID00009.txt" link="input" register="false" transfer="false" optional="false" type="data" size="275564"/>
    <uses file="fitID00010.txt" link="input" register="false" transfer="false" optional="false" type="data" size="262"/>
    <uses file="diffID00010.txt" link="input" register="false" transfer="false" optional="false" type="data" size="262890"/>
    <uses file="fitID00011.txt" link="input" register="false" transfer="false" optional="false" type="data" size="277"/>
    <uses file="diffID00011.txt" link="input" register="false" transfer="false" optional="false" type="data" size="356998"/>
    <uses file="fitID00012.txt" link="input" register="false" transfer="false" optional="false" type="data" size="257"/>
    <uses file="diffID00012.txt" link="input" register="false" transfer="false" optional="false" type="data" size="154618"/>
    <uses file="fitID00013.txt" link="input" register="false" transfer="false" optional="false" type="data" size="279"/>
    <uses file="diffID00013.txt" link="input" register="false" transfer="false" optional="false" type="data" size="318389"/>
    <uses file="fitID00014.txt" link="input" register="false" transfer="false" optional="false" type="data" size="271"/>
    <uses file="diffID00014.txt" link="input" register="false" transfer="false" optional="false" type="data" size="235975"/>
    <uses file="fitID00015.txt" link="input" register="false" transfer="false" optional="false" type="data" size="266"/>
    <uses file="diffID00015.txt" link="input" register="false" transfer="false" optional="false" type="data" size="365570"/>
    <uses file="fitID00016.txt" link="input" register="false" transfer="false" optional="false" type="data" size="282"/>
    <uses file="diffID00016.txt" link="input" register="false" transfer="false" optional="false" type="data" size="379356"/>
    <uses file="fitID00017.txt" link="input" register="false" transfer="false" optional="false" type="data" size="278"/>
    <uses file="diffID00017.txt" link="input" register="false" transfer="false" optional="false" type="data" size="298169"/>
    <uses file="fitID00018.txt" link="input" register="false" transfer="false" optional="false" type="data" size="290"/>
    <uses file="diffID00018.txt" link="input" register="false" transfer="false" optional="false" type="data" size="162398"/>
    <uses file="fitID00019.txt" link="input" register="false" transfer="false" optional="false" type="data" size="277"/>
    <uses file="diffID00019.txt" link="input" register="false" transfer="false" optional="false" type="data" size="362269"/>
    <uses file="fitID00020.txt" link="input" register="false" transfer="false" optional="false" type="data" size="259"/>
    <uses file="diffID00020.txt" link="input" register="false" transfer="false" optional="false" type="data" size="175855"/>
    <uses file="fitID00021.txt" link="input" register="false" transfer="false" optional="false" type="data" size="281"/>
    <uses file="diffID00021.txt" link="input" register="false" transfer="false" optional="false" type="data" size="415177"/>
    <uses file="fitID00022.txt" link="input" register="false" transfer="false" optional="false" type="data" size="277"/>
    <uses file="diffID00022.txt" link="input" register="false" transfer="false" optional="false" type="data" size="406657"/>
    <uses file="fitID00023.txt" link="input" register="false" transfer="false" optional="false" type="data" size="257"/>
    <uses file="diffID00023.txt" link="input" register="false" transfer="false" optional="false" type="data" size="255040"/>
    <uses file="fitID00024.txt" link="input" register="false" transfer="false" optional="false" type="data" size="256"/>
    <uses file="diffID00024.txt" link="input" register="false" transfer="false" optional="false" type="data" size="327073"/>
    <uses file="fitID00025.txt" link="input" register="false" transfer="false" optional="false" type="data" size="269"/>
    <uses file="diffID00025.txt" link="input" register="false" transfer="false" optional="false" type="data" size="256779"/>
    <uses file="fitID00026.txt" link="input" register="false" transfer="false" optional="false" type="data" size="274"/>
    <uses file="diffID00026.txt" link="input" register="false" transfer="false" optional="false" type="data" size="207340"/>
    <uses file="fits.tbl" link="output" register="false" transfer="false" optional="false" type="data" size="4199"/>
  </job>
  <job id="ID00028" namespace="Montage" name="mBgModel" version="1.0" runtime="2.06">
    <uses file="pimages.tbl" link="input" register="true" transfer="true" optional="false" type="data" size="1172"/>
    <uses file="fits.tbl" link="input" register="false" transfer="false" optional="false" type="data" size="4199"/>
    <uses file="corrections.tbl" link="output" register="false" transfer="false" optional="false" type="data" size="372"/>
  </job>
  <job id="ID00029" namespace="Montage" name="mBackground" version="1.0" runtime="10.75">
    <uses file="corrections.tbl" link="input" register="false" transfer="false" optional="false" type="data" size="372"/>
    <uses file="p2mass-atlas-ID00000s-jID00000.fits" link="input" register="false" transfer="false" optional="false" type="data" size="4155269"/>
    <uses file="p2mass-atlas-ID00000s-jID00000_area.fits" link="input" register="false" transfer="false" optional="false" type="data" size="4155269"/>
    <uses file="c2mass-atlas-ID00000s-jID00000.fits" link="output" register="false" transfer="false" optional="false" type="data" size="4155269"/>
    <uses file="c2mass-atlas-ID00000s-jID00000_area.fits" link="output" register="false" transfer="false" optional="false" type="data" size="4155269"/>
  </job>
  <job id="ID00030" namespace="Montage" name="mBackground" version="1.0" runtime="10.87">
    <uses file="corrections.tbl" link="input" register="false" transfer="false" optional="false" type="data" size="372"/>
    <uses file="p2mass-atlas-ID00001s-jID00001.fits" link="input" register="false" transfer="false" optional="false" type="data" size="4163066"/>
    <uses file="p2mass-atlas-ID00001s-jID00001_area.fits" link="input" register="false" transfer="false" optional="false" type="data" size="4163066"/>
    <uses file="c2mass-atlas-ID00001s-jID00001_area.fits" link="output" register="false" transfer="false" optional="false" type="data" size="4163066"/>
    <uses file="c2mass-atlas-ID00001s-jID00001.fits" link="output" register="false" transfer="false" optional="false" type="data" size="4163066"/>
  </job>
  <job id="ID00031" namespace="Montage" name="mBackground" version="1.0" runtime="10.71">
    <uses file="corrections.tbl" link="input" register="false" transfer="false" optional="false" type="data" size="372"/>
    <uses file="p2mass-atlas-ID00002s-jID00002.fits" link="input" register="false" transfer="false" optional="false" type="data" size="4162120"/>
    <uses file="p2mass-atlas-ID00002s-jID00002_area.fits" link="input" register="false" transfer="false" optional="false" type="data" size="4162120"/>
    <uses file="c2mass-atlas-ID00002s-jID00002.fits" link="output" register="false" transfer="false" optional="false" type="data" size="4162120"/>
    <uses file="c2mass-atlas-ID00002s-jID00002_area.fits" link="output" register="false" transfer="false" optional="false" type="data" size="4162120"/>
  </job>
  <job id="ID00032" namespace="Montage" name="mBackground" version="1.0" runtime="10.72">
    <uses file="corrections.tbl" link="input" register="false" transfer="false" optional="false" type="data" size="372"/>
    <uses file="p2mass-atlas-ID00003s-jID00003.fits" link="input" register="false" transfer="false" optional="false" type="data" size="4161100"/>
    <uses file="p2mass-atlas-ID00003s-jID00003_area.fits" link="input" register="false" transfer="false" optional="false" type="data" size="4161100"/>
    <uses file="c2mass-atlas-ID00003s-jID00003_area.fits" link="output" register="false" transfer="false" optional="false" type="data" size="4161100"/>
    <uses file="c2mass-atlas-ID00003s-jID00003.fits" link="output" register="false" transfer="false" optional="false" type="data" size="4161100"/>
  </job>
  <job id="ID00033" namespace="Montage" name="mBackground" version="1.0" runtime="10.55">
    <uses file="corrections.tbl" link="input" register="false" transfer="false" optional="false" type="data" size="372"/>
    <uses file="p2mass-atlas-ID00004s-jID00004.fits" link="input" register="false" transfer="false" optional="false" type="data" size="4157477"/>
    <uses file="p2mass-atlas-ID00004s-jID00004_area.fits" link="input" register="false" transfer="false" optional="false" type="data" size="4157477"/>
    <uses file="c2mass-atlas-ID00004s-jID00004_area.fits" link="output" register="false" transfer="false" optional="false" type="data" size="4157477"/>
    <uses file="c2mass-atlas-ID00004s-jID00004.fits" link="output" register="false" transfer="false" optional="false" type="data" size="4157477"/>
  </job>
  <job id="ID00034" namespace="Montage" name="mBackground" version="1.0" runtime="10.68">
    <uses file="corrections.tbl" link="input" register="false" transfer="false" optional="false" type="data" size="372"/>
    <uses file="p2mass-atlas-ID00005s-jID00005.fits" link="input" register="false" transfer="false" optional="false" type="data" size="4142871"/>
    <uses file="p2mass-atlas-ID00005s-jID00005_area.fits" link="input" register="false" transfer="false" optional="false" type="data" size="4142871"/>
    <uses file="c2mass-atlas-ID00005s-jID00005.fits" link="output" register="false" transfer="false" optional="false" type="data" size="4142871"/>
    <uses file="c2mass-atlas-ID00005s-jID00005_area.fits" link="output" register="false" transfer="false" optional="false" type="data" size="4142871"/>
  </job>
  <job id="ID00035" namespace="Montage" name="mBackground" version="1.0" runtime="10.74">
    <uses file="corrections.tbl" link="input" register="false" transfer="false" optional="false" type="data" size="372"/>
    <uses file="p2mass-atlas-ID00006s-jID00006.fits" link="input" register="false" transfer="false" optional="false" type="data" size="4165214"/>
    <uses file="p2mass-atlas-ID00006s-jID00006_area.fits" link="input" register="false" transfer="false" optional="false" type="data" size="4165214"/>
    <uses file="c2mass-atlas-ID00006s-jID00006_area.fits" link="output" register="false" transfer="false" optional="false" type="data" size="4165214"/>
    <uses file="c2mass-atlas-ID00006s-jID00006.fits" link="output" register="false" transfer="false" optional="false" type="data" size="4165214"/>
  </job>
  <job id="ID00036" namespace="Montage" name="mImgTbl" version="1.0" runtime="2.36">
    <uses file="cimages.tbl" link="input" register="true" transfer="true" optional="false" type="data" size="1172"/>
    <uses file="c2mass-atlas-ID00000s-jID00000.fits" link="input" register="false" transfer="false" optional="false" type="data" size="4155269"/>
    <uses file="c2mass-atlas-ID00000s-jID00000_area.fits" link="input" register="false" transfer="false" optional="false" type="data" size="4155269"/>
    <uses file="c2mass-atlas-ID00001s-jID00001_area.fits" link="input" register="false" transfer="false" optional="false" type="data" size="4163066"/>
    <uses file="c2mass-atlas-ID00001s-jID00001.fits" link="input" register="false" transfer="false" optional="false" type="data" size="4163066"/>
    <uses file="c2mass-atlas-ID00002s-jID00002.fits" link="input" register="false" transfer="false" optional="false" type="data" size="4162120"/>
    <uses file="c2mass-atlas-ID00002s-jID00002_area.fits" link="input" register="false" transfer="false" optional="false" type="data" size="4162120"/>
    <uses file="c2mass-atlas-ID00003s-jID00003_area.fits" link="input" register="false" transfer="false" optional="false" type="data" size="4161100"/>
    <uses file="c2mass-atlas-ID00003s-jID00003.fits" link="input" register="false" transfer="false" optional="false" type="data" size="4161100"/>
    <uses file="c2mass-atlas-ID00004s-jID00004_area.fits" link="input" register="false" transfer="false" optional="false" type="data" size="4157477"/>
    <uses file="c2mass-atlas-ID00004s-jID00004.fits" link="input" register="false" transfer="false" optional="false" type="data" size="4157477"/>
    <uses file="c2mass-atlas-ID00005s-jID00005.fits" link="input" register="false" transfer="false" optional="false" type="data" size="4142871"/>
    <uses file="c2mass-atlas-ID00005s-jID00005_area.fits" link="input" register="false" transfer="false" optional="false" type="data" size="4142871"/>
    <uses file="c2mass-atlas-ID00006s-jID00006_area.fits" link="input" register="false" transfer="false" optional="false" type="data" size="4165214"/>
    <uses file="c2mass-atlas-ID00006s-jID00006.fits" link="input" register="false" transfer="false" optional="false" type="data" size="4165214"/>
    <uses file="newcimages.tbl" link="output" register="false" transfer="false" optional="false" type="data" size="2407"/>
  </job>
  <job id="ID00037" namespace="Montage" name="mAdd" version="1.0" runtime="4.21">
    <uses file="region.hdr" link="input" register="true" transfer="true" optional="false" type="data" size="304"/>
    <uses file="newcimages.tbl" link="input" register="false" transfer="false" optional="false" type="data" size="2407"/>
    <uses file="mosaic_ID00037_ID00037.fits" link="output" register="false" transfer="false" optional="false" type="data" size="59802718"/>
    <uses file="mosaic_ID00037_ID00037_area.fits" link="output" register="false" transfer="false" optional="false" type="data" size="59802718"/>
  </job>
  <job id="ID00038" namespace="Montage" name="mShrink" version="1.0" runtime="4.57">
    <uses file="mosaic_ID00037_ID00037.fits" link="input" register="false" transfer="false" optional="false" type="data" size="59802718"/>
    <uses file="mosaic_ID00037_ID00037_area.fits" link="input" register="false" transfer="false" optional="false" type="data" size="59802718"/>
    <uses file="shrunken_ID00038_ID00038.fits" link="output" register="false" transfer="false" optional="false" type="data" size="2393065"/>
  </job>
  <job id="ID00039" namespace="Montage" name="mJPEG" version="1.0" runtime="0.67">
    <uses file="shrunken_ID00038_ID00038.fits" link="input" register="false" transfer="false" optional="false" type="data" size="2393065"/>
    <uses file="shrunken_ID00038_ID00038.jpg" link="output" register="true" transfer="true" optional="false" type="data" size="341332"/>
  </job>
<!-- part 3: list of control-flow dependencies (may be empty) -->
  <child ref="ID00007">
    <parent ref="ID00000"/>
  </child>
  <child ref="ID00008">
    <parent ref="ID00005"/>
    <parent ref="ID00000"/>
  </child>
  <child ref="ID00009">
    <parent ref="ID00001"/>
  </child>
  <child ref="ID00010">
    <parent ref="ID00003"/>
    <parent ref="ID00001"/>
  </child>
  <child ref="ID00011">
    <parent ref="ID00002"/>
  </child>
  <child ref="ID00012">
    <parent ref="ID00003"/>
    <parent ref="ID00002"/>
  </child>
  <child ref="ID00013">
    <parent ref="ID00005"/>
    <parent ref="ID00002"/>
  </child>
  <child ref="ID00014">
    <parent ref="ID00003"/>
    <parent ref="ID00000"/>
  </child>
  <child ref="ID00015">
    <parent ref="ID00003"/>
    <parent ref="ID00002"/>
  </child>
  <child ref="ID00016">
    <parent ref="ID00003"/>
  </child>
  <child ref="ID00017">
    <parent ref="ID00006"/>
    <parent ref="ID00003"/>
  </child>
  <child ref="ID00018">
    <parent ref="ID00004"/>
    <parent ref="ID00000"/>
  </child>
  <child ref="ID00019">
    <parent ref="ID00004"/>
    <parent ref="ID00001"/>
  </child>
  <child ref="ID00020">
    <parent ref="ID00004"/>
    <parent ref="ID00002"/>
  </child>
  <child ref="ID00021">
    <parent ref="ID00004"/>
  </child>
  <child ref="ID00022">
    <parent ref="ID00005"/>
    <parent ref="ID00004"/>
  </child>
  <child ref="ID00023">
    <parent ref="ID00005"/>
  </child>
  <child ref="ID00024">
    <parent ref="ID00006"/>
    <parent ref="ID00000"/>
  </child>
  <child ref="ID00025">
    <parent ref="ID00006"/>
    <parent ref="ID00001"/>
  </child>
  <child ref="ID00026">
    <parent ref="ID00006"/>
    <parent ref="ID00002"/>
  </child>
  <child ref="ID00027">
    <parent ref="ID00017"/>
    <parent ref="ID00016"/>
    <parent ref="ID00015"/>
    <parent ref="ID00026"/>
    <parent ref="ID00014"/>
    <parent ref="ID00025"/>
    <parent ref="ID00009"/>
    <parent ref="ID00008"/>
    <parent ref="ID00019"/>
    <parent ref="ID00007"/>
    <parent ref="ID00018"/>
    <parent ref="ID00020"/>
    <parent ref="ID00013"/>
    <parent ref="ID00024"/>
    <parent ref="ID00012"/>
    <parent ref="ID00023"/>
    <parent ref="ID00011"/>
    <parent ref="ID00022"/>
    <parent ref="ID00010"/>
    <parent ref="ID00021"/>
  </child>
  <child ref="ID00028">
    <parent ref="ID00027"/>
  </child>
  <child ref="ID00029">
    <parent ref="ID00028"/>
    <parent ref="ID00000"/>
  </child>
  <child ref="ID00030">
    <parent ref="ID00028"/>
    <parent ref="ID00001"/>
  </child>
  <child ref="ID00031">
    <parent ref="ID00028"/>
    <parent ref="ID00002"/>
  </child>
  <child ref="ID00032">
    <parent ref="ID00028"/>
    <parent ref="ID00003"/>
  </child>
  <child ref="ID00033">
    <parent ref="ID00028"/>
    <parent ref="ID00004"/>
  </child>
  <child ref="ID00034">
    <parent ref="ID00028"/>
    <parent ref="ID00005"/>
  </child>
  <child ref="ID00035">
    <parent ref="ID00028"/>
    <parent ref="ID00006"/>
  </child>
  <child ref="ID00036">
    <parent ref="ID00029"/>
    <parent ref="ID00031"/>
    <parent ref="ID00030"/>
    <parent ref="ID00035"/>
    <parent ref="ID00034"/>
    <parent ref="ID00033"/>
    <parent ref="ID00032"/>
  </child>
  <child ref="ID00037">
    <parent ref="ID00036"/>
  </child>
  <child ref="ID00038">
    <parent ref="ID00037"/>
  </child>
  <child ref="ID00039">
    <parent ref="ID00038"/>
  </child>
</adag>
