<?xml version="1.0" encoding="UTF-8"?>
<!-- generated: 2018-12-29T11:14:29+08:00 -->
<!-- generated by: xjli [??] -->
<adag xmlns="http://pegasus.isi.edu/schema/DAX" xmlns:xsi="http://www.w3.org/2001/XMLSchema-instance" xsi:schemaLocation="http://pegasus.isi.edu/schema/DAX http://pegasus.isi.edu/schema/dax-2.1.xsd" version="2.1" count="1" index="0" name="test" jobCount="60" fileCount="0" childCount="51">
<!-- part 1: list of all referenced files (may be empty) -->
<!-- part 2: definition of all jobs (at least one) -->
  <job id="ID00000" namespace="Montage" name="mProjectPP" version="1.0" runtime="13.39">
    <uses file="region.hdr" link="input" register="true" transfer="true" optional="false" type="data" size="304"/>
    <uses file="2mass-atlas-ID00000s-jID00000.fits" link="input" register="true" transfer="true" optional="false" type="data" size="4222080"/>
    <uses file="p2mass-atlas-ID00000s-jID00000.fits" link="output" register="false" transfer="false" optional="false" type="data" size="4155415"/>
    <uses file="p2mass-atlas-ID00000s-jID00000_area.fits" link="output" register="false" transfer="false" optional="false" type="data" size="4155415"/>
  </job>
  <job id="ID00001" namespace="Montage" name="mProjectPP" version="1.0" runtime="13.47">
    <uses file="region.hdr" link="input" register="true" transfer="true" optional="false" type="data" size="304"/>
    <uses file="2mass-atlas-ID00001s-jID00001.fits" link="input" register="true" transfer="true" optional="false" type="data" size="4222080"/>
    <uses file="p2mass-atlas-ID00001s-jID00001.fits" link="output" register="false" transfer="false" optional="false" type="data" size="4161602"/>
    <uses file="p2mass-atlas-ID00001s-jID00001_area.fits" link="output" register="false" transfer="false" optional="false" type="data" size="4161602"/>
  </job>
  <job id="ID00002" namespace="Montage" name="mProjectPP" version="1.0" runtime="13.68">
    <uses file="region.hdr" link="input" register="true" transfer="true" optional="false" type="data" size="304"/>
    <uses file="2mass-atlas-ID00002s-jID00002.fits" link="input" register="true" transfer="true" optional="false" type="data" size="4222080"/>
    <uses file="p2mass-atlas-ID00002s-jID00002.fits" link="output" register="false" transfer="false" optional="false" type="data" size="4146840"/>
    <uses file="p2mass-atlas-ID00002s-jID00002_area.fits" link="output" register="false" transfer="false" optional="false" type="data" size="4146840"/>
  </job>
  <job id="ID00003" namespace="Montage" name="mProjectPP" version="1.0" runtime="13.53">
    <uses file="region.hdr" link="input" register="true" transfer="true" optional="false" type="data" size="304"/>
    <uses file="2mass-atlas-ID00003s-jID00003.fits" link="input" register="true" transfer="true" optional="false" type="data" size="4222080"/>
    <uses file="p2mass-atlas-ID00003s-jID00003.fits" link="output" register="false" transfer="false" optional="false" type="data" size="4166395"/>
    <uses file="p2mass-atlas-ID00003s-jID00003_area.fits" link="output" register="false" transfer="false" optional="false" type="data" size="4166395"/>
  </job>
  <job id="ID00004" namespace="Montage" name="mProjectPP" version="1.0" runtime="13.41">
    <uses file="region.hdr" link="input" register="true" transfer="true" optional="false" type="data" size="304"/>
    <uses file="2mass-atlas-ID00004s-jID00004.fits" link="input" register="true" transfer="true" optional="false" type="data" size="4222080"/>
    <uses file="p2mass-atlas-ID00004s-jID00004.fits" link="output" register="false" transfer="false" optional="false" type="data" size="4147484"/>
    <uses file="p2mass-atlas-ID00004s-jID00004_area.fits" link="output" register="false" transfer="false" optional="false" type="data" size="4147484"/>
  </job>
  <job id="ID00005" namespace="Montage" name="mProjectPP" version="1.0" runtime="13.68">
    <uses file="region.hdr" link="input" register="true" transfer="true" optional="false" type="data" size="304"/>
    <uses file="2mass-atlas-ID00005s-jID00005.fits" link="input" register="true" transfer="true" optional="false" type="data" size="4222080"/>
    <uses file="p2mass-atlas-ID00005s-jID00005.fits" link="output" register="false" transfer="false" optional="false" type="data" size="4161043"/>
    <uses file="p2mass-atlas-ID00005s-jID00005_area.fits" link="output" register="false" transfer="false" optional="false" type="data" size="4161043"/>
  </job>
  <job id="ID00006" namespace="Montage" name="mProjectPP" version="1.0" runtime="13.18">
    <uses file="region.hdr" link="input" register="true" transfer="true" optional="false" type="data" size="304"/>
    <uses file="2mass-atlas-ID00006s-jID00006.fits" link="input" register="true" transfer="true" optional="false" type="data" size="4222080"/>
    <uses file="p2mass-atlas-ID00006s-jID00006.fits" link="output" register="false" transfer="false" optional="false" type="data" size="4157082"/>
    <uses file="p2mass-atlas-ID00006s-jID00006_area.fits" link="output" register="false" transfer="false" optional="false" type="data" size="4157082"/>
  </job>
  <job id="ID00007" namespace="Montage" name="mProjectPP" version="1.0" runtime="13.39">
    <uses file="region.hdr" link="input" register="true" transfer="true" optional="false" type="data" size="304"/>
    <uses file="2mass-atlas-ID00007s-jID00007.fits" link="input" register="true" transfer="true" optional="false" type="data" size="4222080"/>
    <uses file="p2mass-atlas-ID00007s-jID00007.fits" link="output" register="false" transfer="false" optional="false" type="data" size="4172959"/>
    <uses file="p2mass-atlas-ID00007s-jID00007_area.fits" link="output" register="false" transfer="false" optional="false" type="data" size="4172959"/>
  </job>
  <job id="ID00008" namespace="Montage" name="mProjectPP" version="1.0" runtime="13.45">
    <uses file="region.hdr" link="input" register="true" transfer="true" optional="false" type="data" size="304"/>
    <uses file="2mass-atlas-ID00008s-jID00008.fits" link="input" register="true" transfer="true" optional="false" type="data" size="4222080"/>
    <uses file="p2mass-atlas-ID00008s-jID00008.fits" link="output" register="false" transfer="false" optional="false" type="data" size="4166178"/>
    <uses file="p2mass-atlas-ID00008s-jID00008_area.fits" link="output" register="false" transfer="false" optional="false" type="data" size="4166178"/>
  </job>
  <job id="ID00009" namespace="Montage" name="mDiffFit" version="1.0" runtime="10.57">
    <uses file="region.hdr" link="input" register="true" transfer="true" optional="false" type="data" size="304"/>
    <uses file="p2mass-atlas-ID00000s-jID00000.fits" link="input" register="false" transfer="false" optional="false" type="data" size="4155415"/>
    <uses file="p2mass-atlas-ID00000s-jID00000_area.fits" link="input" register="false" transfer="false" optional="false" type="data" size="4155415"/>
    <uses file="p2mass-atlas-ID00003s-jID00003.fits" link="input" register="false" transfer="false" optional="false" type="data" size="4166395"/>
    <uses file="p2mass-atlas-ID00003s-jID00003_area.fits" link="input" register="false" transfer="false" optional="false" type="data" size="4166395"/>
    <uses file="fitID00009.txt" link="output" register="false" transfer="false" optional="false" type="data" size="268"/>
    <uses file="diffID00009.txt" link="output" register="false" transfer="false" optional="false" type="data" size="344917"/>
  </job>
  <job id="ID00010" namespace="Montage" name="mDiffFit" version="1.0" runtime="10.44">
    <uses file="region.hdr" link="input" register="true" transfer="true" optional="false" type="data" size="304"/>
    <uses file="p2mass-atlas-ID00000s-jID00000.fits" link="input" register="false" transfer="false" optional="false" type="data" size="4167935"/>
    <uses file="p2mass-atlas-ID00000s-jID00000_area.fits" link="input" register="false" transfer="false" optional="false" type="data" size="4167935"/>
    <uses file="p2mass-atlas-ID00004s-jID00004.fits" link="input" register="false" transfer="false" optional="false" type="data" size="4147484"/>
    <uses file="p2mass-atlas-ID00004s-jID00004_area.fits" link="input" register="false" transfer="false" optional="false" type="data" size="4147484"/>
    <uses file="fitID00010.txt" link="output" register="false" transfer="false" optional="false" type="data" size="279"/>
    <uses file="diffID00010.txt" link="output" register="false" transfer="false" optional="false" type="data" size="193131"/>
  </job>
  <job id="ID00011" namespace="Montage" name="mDiffFit" version="1.0" runtime="10.68">
    <uses file="region.hdr" link="input" register="true" transfer="true" optional="false" type="data" size="304"/>
    <uses file="p2mass-atlas-ID00000s-jID00000.fits" link="input" register="false" transfer="false" optional="false" type="data" size="4180089"/>
    <uses file="p2mass-atlas-ID00000s-jID00000_area.fits" link="input" register="false" transfer="false" optional="false" type="data" size="4180089"/>
    <uses file="p2mass-atlas-ID00005s-jID00005.fits" link="input" register="false" transfer="false" optional="false" type="data" size="4161043"/>
    <uses file="p2mass-atlas-ID00005s-jID00005_area.fits" link="input" register="false" transfer="false" optional="false" type="data" size="4161043"/>
    <uses file="fitID00011.txt" link="output" register="false" transfer="false" optional="false" type="data" size="261"/>
    <uses file="diffID00011.txt" link="output" register="false" transfer="false" optional="false" type="data" size="358988"/>
  </job>
  <job id="ID00012" namespace="Montage" name="mDiffFit" version="1.0" runtime="10.56">
    <uses file="region.hdr" link="input" register="true" transfer="true" optional="false" type="data" size="304"/>
    <uses file="p2mass-atlas-ID00001s-jID00001.fits" link="input" register="false" transfer="false" optional="false" type="data" size="4161602"/>
    <uses file="p2mass-atlas-ID00001s-jID00001_area.fits" link="input" register="false" transfer="false" optional="false" type="data" size="4161602"/>
    <uses file="p2mass-atlas-ID00000s-jID00000.fits" link="input" register="false" transfer="false" optional="false" type="data" size="4165152"/>
    <uses file="p2mass-atlas-ID00000s-jID00000_area.fits" link="input" register="false" transfer="false" optional="false" type="data" size="4165152"/>
    <uses file="fitID00012.txt" link="output" register="false" transfer="false" optional="false" type="data" size="277"/>
    <uses file="diffID00012.txt" link="output" register="false" transfer="false" optional="false" type="data" size="360369"/>
  </job>
  <job id="ID00013" namespace="Montage" name="mDiffFit" version="1.0" runtime="10.52">
    <uses file="region.hdr" link="input" register="true" transfer="true" optional="false" type="data" size="304"/>
    <uses file="p2mass-atlas-ID00001s-jID00001.fits" link="input" register="false" transfer="false" optional="false" type="data" size="4160948"/>
    <uses file="p2mass-atlas-ID00001s-jID00001_area.fits" link="input" register="false" transfer="false" optional="false" type="data" size="4160948"/>
    <uses file="p2mass-atlas-ID00002s-jID00002.fits" link="input" register="false" transfer="false" optional="false" type="data" size="4146840"/>
    <uses file="p2mass-atlas-ID00002s-jID00002_area.fits" link="input" register="false" transfer="false" optional="false" type="data" size="4146840"/>
    <uses file="fitID00013.txt" link="output" register="false" transfer="false" optional="false" type="data" size="261"/>
    <uses file="diffID00013.txt" link="output" register="false" transfer="false" optional="false" type="data" size="346704"/>
  </job>
  <job id="ID00014" namespace="Montage" name="mDiffFit" version="1.0" runtime="10.78">
    <uses file="region.hdr" link="input" register="true" transfer="true" optional="false" type="data" size="304"/>
    <uses file="p2mass-atlas-ID00001s-jID00001.fits" link="input" register="false" transfer="false" optional="false" type="data" size="4167796"/>
    <uses file="p2mass-atlas-ID00001s-jID00001_area.fits" link="input" register="false" transfer="false" optional="false" type="data" size="4167796"/>
    <uses file="p2mass-atlas-ID00004s-jID00004.fits" link="input" register="false" transfer="false" optional="false" type="data" size="4178105"/>
    <uses file="p2mass-atlas-ID00004s-jID00004_area.fits" link="input" register="false" transfer="false" optional="false" type="data" size="4178105"/>
    <uses file="fitID00014.txt" link="output" register="false" transfer="false" optional="false" type="data" size="266"/>
    <uses file="diffID00014.txt" link="output" register="false" transfer="false" optional="false" type="data" size="281328"/>
  </job>
  <job id="ID00015" namespace="Montage" name="mDiffFit" version="1.0" runtime="10.58">
    <uses file="region.hdr" link="input" register="true" transfer="true" optional="false" type="data" size="304"/>
    <uses file="p2mass-atlas-ID00001s-jID00001.fits" link="input" register="false" transfer="false" optional="false" type="data" size="4158339"/>
    <uses file="p2mass-atlas-ID00001s-jID00001_area.fits" link="input" register="false" transfer="false" optional="false" type="data" size="4158339"/>
    <uses file="p2mass-atlas-ID00005s-jID00005.fits" link="input" register="false" transfer="false" optional="false" type="data" size="4161934"/>
    <uses file="p2mass-atlas-ID00005s-jID00005_area.fits" link="input" register="false" transfer="false" optional="false" type="data" size="4161934"/>
    <uses file="fitID00015.txt" link="output" register="false" transfer="false" optional="false" type="data" size="270"/>
    <uses file="diffID00015.txt" link="output" register="false" transfer="false" optional="false" type="data" size="356858"/>
  </job>
  <job id="ID00016" namespace="Montage" name="mDiffFit" version="1.0" runtime="10.60">
    <uses file="region.hdr" link="input" register="true" transfer="true" optional="false" type="data" size="304"/>
    <uses file="p2mass-atlas-ID00001s-jID00001.fits" link="input" register="false" transfer="false" optional="false" type="data" size="4156443"/>
    <uses file="p2mass-atlas-ID00001s-jID00001_area.fits" link="input" register="false" transfer="false" optional="false" type="data" size="4156443"/>
    <uses file="p2mass-atlas-ID00008s-jID00008.fits" link="input" register="false" transfer="false" optional="false" type="data" size="4166178"/>
    <uses file="p2mass-atlas-ID00008s-jID00008_area.fits" link="input" register="false" transfer="false" optional="false" type="data" size="4166178"/>
    <uses file="fitID00016.txt" link="output" register="false" transfer="false" optional="false" type="data" size="284"/>
    <uses file="diffID00016.txt" link="output" register="false" transfer="false" optional="false" type="data" size="369691"/>
  </job>
  <job id="ID00017" namespace="Montage" name="mDiffFit" version="1.0" runtime="10.44">
    <uses file="region.hdr" link="input" register="true" transfer="true" optional="false" type="data" size="304"/>
    <uses file="p2mass-atlas-ID00002s-jID00002.fits" link="input" register="false" transfer="false" optional="false" type="data" size="4177830"/>
    <uses file="p2mass-atlas-ID00002s-jID00002_area.fits" link="input" register="false" transfer="false" optional="false" type="data" size="4177830"/>
    <uses file="p2mass-atlas-ID00001s-jID00001.fits" link="input" register="false" transfer="false" optional="false" type="data" size="4165672"/>
    <uses file="p2mass-atlas-ID00001s-jID00001_area.fits" link="input" register="false" transfer="false" optional="false" type="data" size="4165672"/>
    <uses file="fitID00017.txt" link="output" register="false" transfer="false" optional="false" type="data" size="268"/>
    <uses file="diffID00017.txt" link="output" register="false" transfer="false" optional="false" type="data" size="347331"/>
  </job>
  <job id="ID00018" namespace="Montage" name="mDiffFit" version="1.0" runtime="10.61">
    <uses file="region.hdr" link="input" register="true" transfer="true" optional="false" type="data" size="304"/>
    <uses file="p2mass-atlas-ID00002s-jID00002.fits" link="input" register="false" transfer="false" optional="false" type="data" size="4147351"/>
    <uses file="p2mass-atlas-ID00002s-jID00002_area.fits" link="input" register="false" transfer="false" optional="false" type="data" size="4147351"/>
    <uses file="p2mass-atlas-ID00003s-jID00003.fits" link="input" register="false" transfer="false" optional="false" type="data" size="4174998"/>
    <uses file="p2mass-atlas-ID00003s-jID00003_area.fits" link="input" register="false" transfer="false" optional="false" type="data" size="4174998"/>
    <uses file="fitID00018.txt" link="output" register="false" transfer="false" optional="false" type="data" size="283"/>
    <uses file="diffID00018.txt" link="output" register="false" transfer="false" optional="false" type="data" size="194303"/>
  </job>
  <job id="ID00019" namespace="Montage" name="mDiffFit" version="1.0" runtime="10.55">
    <uses file="region.hdr" link="input" register="true" transfer="true" optional="false" type="data" size="304"/>
    <uses file="p2mass-atlas-ID00002s-jID00002.fits" link="input" register="false" transfer="false" optional="false" type="data" size="4170271"/>
    <uses file="p2mass-atlas-ID00002s-jID00002_area.fits" link="input" register="false" transfer="false" optional="false" type="data" size="4170271"/>
    <uses file="p2mass-atlas-ID00005s-jID00005.fits" link="input" register="false" transfer="false" optional="false" type="data" size="4157093"/>
    <uses file="p2mass-atlas-ID00005s-jID00005_area.fits" link="input" register="false" transfer="false" optional="false" type="data" size="4157093"/>
    <uses file="fitID00019.txt" link="output" register="false" transfer="false" optional="false" type="data" size="282"/>
    <uses file="diffID00019.txt" link="output" register="false" transfer="false" optional="false" type="data" size="323794"/>
  </job>
  <job id="ID00020" namespace="Montage" name="mDiffFit" version="1.0" runtime="10.60">
    <uses file="region.hdr" link="input" register="true" transfer="true" optional="false" type="data" size="304"/>
    <uses file="p2mass-atlas-ID00002s-jID00002.fits" link="input" register="false" transfer="false" optional="false" type="data" size="4146795"/>
    <uses file="p2mass-atlas-ID00002s-jID00002_area.fits" link="input" register="false" transfer="false" optional="false" type="data" size="4146795"/>
    <uses file="p2mass-atlas-ID00007s-jID00007.fits" link="input" register="false" transfer="false" optional="false" type="data" size="4172959"/>
    <uses file="p2mass-atlas-ID00007s-jID00007_area.fits" link="input" register="false" transfer="false" optional="false" type="data" size="4172959"/>
    <uses file="fitID00020.txt" link="output" register="false" transfer="false" optional="false" type="data" size="289"/>
    <uses file="diffID00020.txt" link="output" register="false" transfer="false" optional="false" type="data" size="374718"/>
  </job>
  <job id="ID00021" namespace="Montage" name="mDiffFit" version="1.0" runtime="10.46">
    <uses file="region.hdr" link="input" register="true" transfer="true" optional="false" type="data" size="304"/>
    <uses file="p2mass-atlas-ID00003s-jID00003.fits" link="input" register="false" transfer="false" optional="false" type="data" size="4181328"/>
    <uses file="p2mass-atlas-ID00003s-jID00003_area.fits" link="input" register="false" transfer="false" optional="false" type="data" size="4181328"/>
    <uses file="p2mass-atlas-ID00001s-jID00001.fits" link="input" register="false" transfer="false" optional="false" type="data" size="4156561"/>
    <uses file="p2mass-atlas-ID00001s-jID00001_area.fits" link="input" register="false" transfer="false" optional="false" type="data" size="4156561"/>
    <uses file="fitID00021.txt" link="output" register="false" transfer="false" optional="false" type="data" size="269"/>
    <uses file="diffID00021.txt" link="output" register="false" transfer="false" optional="false" type="data" size="254522"/>
  </job>
  <job id="ID00022" namespace="Montage" name="mDiffFit" version="1.0" runtime="10.62">
    <uses file="region.hdr" link="input" register="true" transfer="true" optional="false" type="data" size="304"/>
    <uses file="p2mass-atlas-ID00003s-jID00003.fits" link="input" register="false" transfer="false" optional="false" type="data" size="4163434"/>
    <uses file="p2mass-atlas-ID00003s-jID00003_area.fits" link="input" register="false" transfer="false" optional="false" type="data" size="4163434"/>
    <uses file="p2mass-atlas-ID00002s-jID00002.fits" link="input" register="false" transfer="false" optional="false" type="data" size="4144110"/>
    <uses file="p2mass-atlas-ID00002s-jID00002_area.fits" link="input" register="false" transfer="false" optional="false" type="data" size="4144110"/>
    <uses file="fitID00022.txt" link="output" register="false" transfer="false" optional="false" type="data" size="281"/>
    <uses file="diffID00022.txt" link="output" register="false" transfer="false" optional="false" type="data" size="230728"/>
  </job>
  <job id="ID00023" namespace="Montage" name="mDiffFit" version="1.0" runtime="10.75">
    <uses file="region.hdr" link="input" register="true" transfer="true" optional="false" type="data" size="304"/>
    <uses file="p2mass-atlas-ID00003s-jID00003.fits" link="input" register="false" transfer="false" optional="false" type="data" size="4168215"/>
    <uses file="p2mass-atlas-ID00003s-jID00003_area.fits" link="input" register="false" transfer="false" optional="false" type="data" size="4168215"/>
    <uses file="p2mass-atlas-ID00006s-jID00006.fits" link="input" register="false" transfer="false" optional="false" type="data" size="4157082"/>
    <uses file="p2mass-atlas-ID00006s-jID00006_area.fits" link="input" register="false" transfer="false" optional="false" type="data" size="4157082"/>
    <uses file="fitID00023.txt" link="output" register="false" transfer="false" optional="false" type="data" size="282"/>
    <uses file="diffID00023.txt" link="output" register="false" transfer="false" optional="false" type="data" size="272645"/>
  </job>
  <job id="ID00024" namespace="Montage" name="mDiffFit" version="1.0" runtime="10.51">
    <uses file="region.hdr" link="input" register="true" transfer="true" optional="false" type="data" size="304"/>
    <uses file="p2mass-atlas-ID00003s-jID00003.fits" link="input" register="false" transfer="false" optional="false" type="data" size="4157626"/>
    <uses file="p2mass-atlas-ID00003s-jID00003_area.fits" link="input" register="false" transfer="false" optional="false" type="data" size="4157626"/>
    <uses file="p2mass-atlas-ID00007s-jID00007.fits" link="input" register="false" transfer="false" optional="false" type="data" size="4172410"/>
    <uses file="p2mass-atlas-ID00007s-jID00007_area.fits" link="input" register="false" transfer="false" optional="false" type="data" size="4172410"/>
    <uses file="fitID00024.txt" link="output" register="false" transfer="false" optional="false" type="data" size="265"/>
    <uses file="diffID00024.txt" link="output" register="false" transfer="false" optional="false" type="data" size="322318"/>
  </job>
  <job id="ID00025" namespace="Montage" name="mDiffFit" version="1.0" runtime="10.54">
    <uses file="region.hdr" link="input" register="true" transfer="true" optional="false" type="data" size="304"/>
    <uses file="p2mass-atlas-ID00003s-jID00003.fits" link="input" register="false" transfer="false" optional="false" type="data" size="4173552"/>
    <uses file="p2mass-atlas-ID00003s-jID00003_area.fits" link="input" register="false" transfer="false" optional="false" type="data" size="4173552"/>
    <uses file="p2mass-atlas-ID00008s-jID00008.fits" link="input" register="false" transfer="false" optional="false" type="data" size="4162603"/>
    <uses file="p2mass-atlas-ID00008s-jID00008_area.fits" link="input" register="false" transfer="false" optional="false" type="data" size="4162603"/>
    <uses file="fitID00025.txt" link="output" register="false" transfer="false" optional="false" type="data" size="270"/>
    <uses file="diffID00025.txt" link="output" register="false" transfer="false" optional="false" type="data" size="303248"/>
  </job>
  <job id="ID00026" namespace="Montage" name="mDiffFit" version="1.0" runtime="10.49">
    <uses file="region.hdr" link="input" register="true" transfer="true" optional="false" type="data" size="304"/>
    <uses file="p2mass-atlas-ID00004s-jID00004.fits" link="input" register="false" transfer="false" optional="false" type="data" size="4165987"/>
    <uses file="p2mass-atlas-ID00004s-jID00004_area.fits" link="input" register="false" transfer="false" optional="false" type="data" size="4165987"/>
    <uses file="p2mass-atlas-ID00000s-jID00000.fits" link="input" register="false" transfer="false" optional="false" type="data" size="4159141"/>
    <uses file="p2mass-atlas-ID00000s-jID00000_area.fits" link="input" register="false" transfer="false" optional="false" type="data" size="4159141"/>
    <uses file="fitID00026.txt" link="output" register="false" transfer="false" optional="false" type="data" size="279"/>
    <uses file="diffID00026.txt" link="output" register="false" transfer="false" optional="false" type="data" size="234581"/>
  </job>
  <job id="ID00027" namespace="Montage" name="mDiffFit" version="1.0" runtime="10.39">
    <uses file="region.hdr" link="input" register="true" transfer="true" optional="false" type="data" size="304"/>
    <uses file="p2mass-atlas-ID00004s-jID00004.fits" link="input" register="false" transfer="false" optional="false" type="data" size="4165897"/>
    <uses file="p2mass-atlas-ID00004s-jID00004_area.fits" link="input" register="false" transfer="false" optional="false" type="data" size="4165897"/>
    <uses file="p2mass-atlas-ID00003s-jID00003.fits" link="input" register="false" transfer="false" optional="false" type="data" size="4165266"/>
    <uses file="p2mass-atlas-ID00003s-jID00003_area.fits" link="input" register="false" transfer="false" optional="false" type="data" size="4165266"/>
    <uses file="fitID00027.txt" link="output" register="false" transfer="false" optional="false" type="data" size="272"/>
    <uses file="diffID00027.txt" link="output" register="false" transfer="false" optional="false" type="data" size="310493"/>
  </job>
  <job id="ID00028" namespace="Montage" name="mDiffFit" version="1.0" runtime="10.63">
    <uses file="region.hdr" link="input" register="true" transfer="true" optional="false" type="data" size="304"/>
    <uses file="p2mass-atlas-ID00004s-jID00004.fits" link="input" register="false" transfer="false" optional="false" type="data" size="4155068"/>
    <uses file="p2mass-atlas-ID00004s-jID00004_area.fits" link="input" register="false" transfer="false" optional="false" type="data" size="4155068"/>
    <uses file="p2mass-atlas-ID00006s-jID00006.fits" link="input" register="false" transfer="false" optional="false" type="data" size="4153185"/>
    <uses file="p2mass-atlas-ID00006s-jID00006_area.fits" link="input" register="false" transfer="false" optional="false" type="data" size="4153185"/>
    <uses file="fitID00028.txt" link="output" register="false" transfer="false" optional="false" type="data" size="275"/>
    <uses file="diffID00028.txt" link="output" register="false" transfer="false" optional="false" type="data" size="291560"/>
  </job>
  <job id="ID00029" namespace="Montage" name="mDiffFit" version="1.0" runtime="10.51">
    <uses file="region.hdr" link="input" register="true" transfer="true" optional="false" type="data" size="304"/>
    <uses file="p2mass-atlas-ID00004s-jID00004.fits" link="input" register="false" transfer="false" optional="false" type="data" size="4157701"/>
    <uses file="p2mass-atlas-ID00004s-jID00004_area.fits" link="input" register="false" transfer="false" optional="false" type="data" size="4157701"/>
    <uses file="p2mass-atlas-ID00008s-jID00008.fits" link="input" register="false" transfer="false" optional="false" type="data" size="4142548"/>
    <uses file="p2mass-atlas-ID00008s-jID00008_area.fits" link="input" register="false" transfer="false" optional="false" type="data" size="4142548"/>
    <uses file="fitID00029.txt" link="output" register="false" transfer="false" optional="false" type="data" size="264"/>
    <uses file="diffID00029.txt" link="output" register="false" transfer="false" optional="false" type="data" size="396853"/>
  </job>
  <job id="ID00030" namespace="Montage" name="mDiffFit" version="1.0" runtime="10.64">
    <uses file="region.hdr" link="input" register="true" transfer="true" optional="false" type="data" size="304"/>
    <uses file="p2mass-atlas-ID00005s-jID00005.fits" link="input" register="false" transfer="false" optional="false" type="data" size="4181961"/>
    <uses file="p2mass-atlas-ID00005s-jID00005_area.fits" link="input" register="false" transfer="false" optional="false" type="data" size="4181961"/>
    <uses file="p2mass-atlas-ID00001s-jID00001.fits" link="input" register="false" transfer="false" optional="false" type="data" size="4161910"/>
    <uses file="p2mass-atlas-ID00001s-jID00001_area.fits" link="input" register="false" transfer="false" optional="false" type="data" size="4161910"/>
    <uses file="fitID00030.txt" link="output" register="false" transfer="false" optional="false" type="data" size="270"/>
    <uses file="diffID00030.txt" link="output" register="false" transfer="false" optional="false" type="data" size="244885"/>
  </job>
  <job id="ID00031" namespace="Montage" name="mDiffFit" version="1.0" runtime="10.37">
    <uses file="region.hdr" link="input" register="true" transfer="true" optional="false" type="data" size="304"/>
    <uses file="p2mass-atlas-ID00005s-jID00005.fits" link="input" register="false" transfer="false" optional="false" type="data" size="4163831"/>
    <uses file="p2mass-atlas-ID00005s-jID00005_area.fits" link="input" register="false" transfer="false" optional="false" type="data" size="4163831"/>
    <uses file="p2mass-atlas-ID00008s-jID00008.fits" link="input" register="false" transfer="false" optional="false" type="data" size="4163995"/>
    <uses file="p2mass-atlas-ID00008s-jID00008_area.fits" link="input" register="false" transfer="false" optional="false" type="data" size="4163995"/>
    <uses file="fitID00031.txt" link="output" register="false" transfer="false" optional="false" type="data" size="280"/>
    <uses file="diffID00031.txt" link="output" register="false" transfer="false" optional="false" type="data" size="417204"/>
  </job>
  <job id="ID00032" namespace="Montage" name="mDiffFit" version="1.0" runtime="10.70">
    <uses file="region.hdr" link="input" register="true" transfer="true" optional="false" type="data" size="304"/>
    <uses file="p2mass-atlas-ID00006s-jID00006.fits" link="input" register="false" transfer="false" optional="false" type="data" size="4175053"/>
    <uses file="p2mass-atlas-ID00006s-jID00006_area.fits" link="input" register="false" transfer="false" optional="false" type="data" size="4175053"/>
    <uses file="p2mass-atlas-ID00000s-jID00000.fits" link="input" register="false" transfer="false" optional="false" type="data" size="4150451"/>
    <uses file="p2mass-atlas-ID00000s-jID00000_area.fits" link="input" register="false" transfer="false" optional="false" type="data" size="4150451"/>
    <uses file="fitID00032.txt" link="output" register="false" transfer="false" optional="false" type="data" size="289"/>
    <uses file="diffID00032.txt" link="output" register="false" transfer="false" optional="false" type="data" size="261136"/>
  </job>
  <job id="ID00033" namespace="Montage" name="mDiffFit" version="1.0" runtime="10.50">
    <uses file="region.hdr" link="input" register="true" transfer="true" optional="false" type="data" size="304"/>
    <uses file="p2mass-atlas-ID00006s-jID00006.fits" link="input" register="false" transfer="false" optional="false" type="data" size="4163684"/>
    <uses file="p2mass-atlas-ID00006s-jID00006_area.fits" link="input" register="false" transfer="false" optional="false" type="data" size="4163684"/>
    <uses file="p2mass-atlas-ID00002s-jID00002.fits" link="input" register="false" transfer="false" optional="false" type="data" size="4146833"/>
    <uses file="p2mass-atlas-ID00002s-jID00002_area.fits" link="input" register="false" transfer="false" optional="false" type="data" size="4146833"/>
    <uses file="fitID00033.txt" link="output" register="false" transfer="false" optional="false" type="data" size="282"/>
    <uses file="diffID00033.txt" link="output" register="false" transfer="false" optional="false" type="data" size="286310"/>
  </job>
  <job id="ID00034" namespace="Montage" name="mDiffFit" version="1.0" runtime="10.63">
    <uses file="region.hdr" link="input" register="true" transfer="true" optional="false" type="data" size="304"/>
    <uses file="p2mass-atlas-ID00006s-jID00006.fits" link="input" register="false" transfer="false" optional="false" type="data" size="4159081"/>
    <uses file="p2mass-atlas-ID00006s-jID00006_area.fits" link="input" register="false" transfer="false" optional="false" type="data" size="4159081"/>
    <uses file="p2mass-atlas-ID00003s-jID00003.fits" link="input" register="false" transfer="false" optional="false" type="data" size="4158291"/>
    <uses file="p2mass-atlas-ID00003s-jID00003_area.fits" link="input" register="false" transfer="false" optional="false" type="data" size="4158291"/>
    <uses file="fitID00034.txt" link="output" register="false" transfer="false" optional="false" type="data" size="265"/>
    <uses file="diffID00034.txt" link="output" register="false" transfer="false" optional="false" type="data" size="250292"/>
  </job>
  <job id="ID00035" namespace="Montage" name="mDiffFit" version="1.0" runtime="10.58">
    <uses file="region.hdr" link="input" register="true" transfer="true" optional="false" type="data" size="304"/>
    <uses file="p2mass-atlas-ID00006s-jID00006.fits" link="input" register="false" transfer="false" optional="false" type="data" size="4164494"/>
    <uses file="p2mass-atlas-ID00006s-jID00006_area.fits" link="input" register="false" transfer="false" optional="false" type="data" size="4164494"/>
    <uses file="p2mass-atlas-ID00004s-jID00004.fits" link="input" register="false" transfer="false" optional="false" type="data" size="4147804"/>
    <uses file="p2mass-atlas-ID00004s-jID00004_area.fits" link="input" register="false" transfer="false" optional="false" type="data" size="4147804"/>
    <uses file="fitID00035.txt" link="output" register="false" transfer="false" optional="false" type="data" size="277"/>
    <uses file="diffID00035.txt" link="output" register="false" transfer="false" optional="false" type="data" size="394231"/>
  </job>
  <job id="ID00036" namespace="Montage" name="mDiffFit" version="1.0" runtime="10.65">
    <uses file="region.hdr" link="input" register="true" transfer="true" optional="false" type="data" size="304"/>
    <uses file="p2mass-atlas-ID00007s-jID00007.fits" link="input" register="false" transfer="false" optional="false" type="data" size="4165245"/>
    <uses file="p2mass-atlas-ID00007s-jID00007_area.fits" link="input" register="false" transfer="false" optional="false" type="data" size="4165245"/>
    <uses file="p2mass-atlas-ID00000s-jID00000.fits" link="input" register="false" transfer="false" optional="false" type="data" size="4172551"/>
    <uses file="p2mass-atlas-ID00000s-jID00000_area.fits" link="input" register="false" transfer="false" optional="false" type="data" size="4172551"/>
    <uses file="fitID00036.txt" link="output" register="false" transfer="false" optional="false" type="data" size="279"/>
    <uses file="diffID00036.txt" link="output" register="false" transfer="false" optional="false" type="data" size="395847"/>
  </job>
  <job id="ID00037" namespace="Montage" name="mDiffFit" version="1.0" runtime="10.56">
    <uses file="region.hdr" link="input" register="true" transfer="true" optional="false" type="data" size="304"/>
    <uses file="p2mass-atlas-ID00007s-jID00007.fits" link="input" register="false" transfer="false" optional="false" type="data" size="4166102"/>
    <uses file="p2mass-atlas-ID00007s-jID00007_area.fits" link="input" register="false" transfer="false" optional="false" type="data" size="4166102"/>
    <uses file="p2mass-atlas-ID00003s-jID00003.fits" link="input" register="false" transfer="false" optional="false" type="data" size="4150478"/>
    <uses file="p2mass-atlas-ID00003s-jID00003_area.fits" link="input" register="false" transfer="false" optional="false" type="data" size="4150478"/>
    <uses file="fitID00037.txt" link="output" register="false" transfer="false" optional="false" type="data" size="274"/>
    <uses file="diffID00037.txt" link="output" register="false" transfer="false" optional="false" type="data" size="360339"/>
  </job>
  <job id="ID00038" namespace="Montage" name="mDiffFit" version="1.0" runtime="10.58">
    <uses file="region.hdr" link="input" register="true" transfer="true" optional="false" type="data" size="304"/>
    <uses file="p2mass-atlas-ID00007s-jID00007.fits" link="input" register="false" transfer="false" optional="false" type="data" size="4167140"/>
    <uses file="p2mass-atlas-ID00007s-jID00007_area.fits" link="input" register="false" transfer="false" optional="false" type="data" size="4167140"/>
    <uses file="p2mass-atlas-ID00008s-jID00008.fits" link="input" register="false" transfer="false" optional="false" type="data" size="4157384"/>
    <uses file="p2mass-atlas-ID00008s-jID00008_area.fits" link="input" register="false" transfer="false" optional="false" type="data" size="4157384"/>
    <uses file="fitID00038.txt" link="output" register="false" transfer="false" optional="false" type="data" size="267"/>
    <uses file="diffID00038.txt" link="output" register="false" transfer="false" optional="false" type="data" size="271273"/>
  </job>
  <job id="ID00039" namespace="Montage" name="mDiffFit" version="1.0" runtime="10.59">
    <uses file="region.hdr" link="input" register="true" transfer="true" optional="false" type="data" size="304"/>
    <uses file="p2mass-atlas-ID00008s-jID00008.fits" link="input" register="false" transfer="false" optional="false" type="data" size="4154852"/>
    <uses file="p2mass-atlas-ID00008s-jID00008_area.fits" link="input" register="false" transfer="false" optional="false" type="data" size="4154852"/>
    <uses file="p2mass-atlas-ID00000s-jID00000.fits" link="input" register="false" transfer="false" optional="false" type="data" size="4163601"/>
    <uses file="p2mass-atlas-ID00000s-jID00000_area.fits" link="input" register="false" transfer="false" optional="false" type="data" size="4163601"/>
    <uses file="fitID00039.txt" link="output" register="false" transfer="false" optional="false" type="data" size="276"/>
    <uses file="diffID00039.txt" link="output" register="false" transfer="false" optional="false" type="data" size="310028"/>
  </job>
  <job id="ID00040" namespace="Montage" name="mDiffFit" version="1.0" runtime="10.58">
    <uses file="region.hdr" link="input" register="true" transfer="true" optional="false" type="data" size="304"/>
    <uses file="p2mass-atlas-ID00008s-jID00008.fits" link="input" register="false" transfer="false" optional="false" type="data" size="4179010"/>
    <uses file="p2mass-atlas-ID00008s-jID00008_area.fits" link="input" register="false" transfer="false" optional="false" type="data" size="4179010"/>
    <uses file="p2mass-atlas-ID00002s-jID00002.fits" link="input" register="false" transfer="false" optional="false" type="data" size="4184213"/>
    <uses file="p2mass-atlas-ID00002s-jID00002_area.fits" link="input" register="false" transfer="false" optional="false" type="data" size="4184213"/>
    <uses file="fitID00040.txt" link="output" register="false" transfer="false" optional="false" type="data" size="269"/>
    <uses file="diffID00040.txt" link="output" register="false" transfer="false" optional="false" type="data" size="191937"/>
  </job>
  <job id="ID00041" namespace="Montage" name="mDiffFit" version="1.0" runtime="10.45">
    <uses file="region.hdr" link="input" register="true" transfer="true" optional="false" type="data" size="304"/>
    <uses file="p2mass-atlas-ID00008s-jID00008.fits" link="input" register="false" transfer="false" optional="false" type="data" size="4158958"/>
    <uses file="p2mass-atlas-ID00008s-jID00008_area.fits" link="input" register="false" transfer="false" optional="false" type="data" size="4158958"/>
    <uses file="p2mass-atlas-ID00004s-jID00004.fits" link="input" register="false" transfer="false" optional="false" type="data" size="4165259"/>
    <uses file="p2mass-atlas-ID00004s-jID00004_area.fits" link="input" register="false" transfer="false" optional="false" type="data" size="4165259"/>
    <uses file="fitID00041.txt" link="output" register="false" transfer="false" optional="false" type="data" size="276"/>
    <uses file="diffID00041.txt" link="output" register="false" transfer="false" optional="false" type="data" size="194021"/>
  </job>
  <job id="ID00042" namespace="Montage" name="mDiffFit" version="1.0" runtime="10.52">
    <uses file="region.hdr" link="input" register="true" transfer="true" optional="false" type="data" size="304"/>
    <uses file="p2mass-atlas-ID00008s-jID00008.fits" link="input" register="false" transfer="false" optional="false" type="data" size="4159864"/>
    <uses file="p2mass-atlas-ID00008s-jID00008_area.fits" link="input" register="false" transfer="false" optional="false" type="data" size="4159864"/>
    <uses file="p2mass-atlas-ID00006s-jID00006.fits" link="input" register="false" transfer="false" optional="false" type="data" size="4173079"/>
    <uses file="p2mass-atlas-ID00006s-jID00006_area.fits" link="input" register="false" transfer="false" optional="false" type="data" size="4173079"/>
    <uses file="fitID00042.txt" link="output" register="false" transfer="false" optional="false" type="data" size="275"/>
    <uses file="diffID00042.txt" link="output" register="false" transfer="false" optional="false" type="data" size="301903"/>
  </job>
  <job id="ID00043" namespace="Montage" name="mDiffFit" version="1.0" runtime="10.54">
    <uses file="region.hdr" link="input" register="true" transfer="true" optional="false" type="data" size="304"/>
    <uses file="p2mass-atlas-ID00008s-jID00008.fits" link="input" register="false" transfer="false" optional="false" type="data" size="4161826"/>
    <uses file="p2mass-atlas-ID00008s-jID00008_area.fits" link="input" register="false" transfer="false" optional="false" type="data" size="4161826"/>
    <uses file="p2mass-atlas-ID00007s-jID00007.fits" link="input" register="false" transfer="false" optional="false" type="data" size="4149251"/>
    <uses file="p2mass-atlas-ID00007s-jID00007_area.fits" link="input" register="false" transfer="false" optional="false" type="data" size="4149251"/>
    <uses file="fitID00043.txt" link="output" register="false" transfer="false" optional="false" type="data" size="275"/>
    <uses file="diffID00043.txt" link="output" register="false" transfer="false" optional="false" type="data" size="341553"/>
  </job>
  <job id="ID00044" namespace="Montage" name="mDiffFit" version="1.0" runtime="10.52">
    <uses file="region.hdr" link="input" register="true" transfer="true" optional="false" type="data" size="304"/>
    <uses file="p2mass-atlas-ID00008s-jID00008.fits" link="input" register="false" transfer="false" optional="false" type="data" size="4143495"/>
    <uses file="p2mass-atlas-ID00008s-jID00008_area.fits" link="input" register="false" transfer="false" optional="false" type="data" size="4143495"/>
    <uses file="fitID00044.txt" link="output" register="false" transfer="false" optional="false" type="data" size="284"/>
    <uses file="diffID00044.txt" link="output" register="false" transfer="false" optional="false" type="data" size="211311"/>
  </job>
  <job id="ID00045" namespace="Montage" name="mConcatFit" version="1.0" runtime="2.88">
    <uses file="fits_list.tbl" link="input" register="true" transfer="true" optional="false" type="data" size="981"/>
    <uses file="fitID00009.txt" link="input" register="false" transfer="false" optional="false" type="data" size="268"/>
    <uses file="diffID00009.txt" link="input" register="false" transfer="false" optional="false" type="data" size="344917"/>
    <uses file="fitID00010.txt" link="input" register="false" transfer="false" optional="false" type="data" size="279"/>
    <uses file="diffID00010.txt" link="input" register="false" transfer="false" optional="false" type="data" size="193131"/>
    <uses file="fitID00011.txt" link="input" register="false" transfer="false" optional="false" type="data" size="261"/>
    <uses file="diffID00011.txt" link="input" register="false" transfer="false" optional="false" type="data" size="358988"/>
    <uses file="fitID00012.txt" link="input" register="false" transfer="false" optional="false" type="data" size="277"/>
    <uses file="diffID00012.txt" link="input" register="false" transfer="false" optional="false" type="data" size="360369"/>
    <uses file="fitID00013.txt" link="input" register="false" transfer="false" optional="false" type="data" size="261"/>
    <uses file="diffID00013.txt" link="input" register="false" transfer="false" optional="false" type="data" size="346704"/>
    <uses file="fitID00014.txt" link="input" register="false" transfer="false" optional="false" type="data" size="266"/>
    <uses file="diffID00014.txt" link="input" register="false" transfer="false" optional="false" type="data" size="281328"/>
    <uses file="fitID00015.txt" link="input" register="false" transfer="false" optional="false" type="data" size="270"/>
    <uses file="diffID00015.txt" link="input" register="false" transfer="false" optional="false" type="data" size="356858"/>
    <uses file="fitID00016.txt" link="input" register="false" transfer="false" optional="false" type="data" size="284"/>
    <uses file="diffID00016.txt" link="input" register="false" transfer="false" optional="false" type="data" size="369691"/>
    <uses file="fitID00017.txt" link="input" register="false" transfer="false" optional="false" type="data" size="268"/>
    <uses file="diffID00017.txt" link="input" register="false" transfer="false" optional="false" type="data" size="347331"/>
    <uses file="fitID00018.txt" link="input" register="false" transfer="false" optional="false" type="data" size="283"/>
    <uses file="diffID00018.txt" link="input" register="false" transfer="false" optional="false" type="data" size="194303"/>
    <uses file="fitID00019.txt" link="input" register="false" transfer="false" optional="false" type="data" size="282"/>
    <uses file="diffID00019.txt" link="input" register="false" transfer="false" optional="false" type="data" size="323794"/>
    <uses file="fitID00020.txt" link="input" register="false" transfer="false" optional="false" type="data" size="289"/>
    <uses file="diffID00020.txt" link="input" register="false" transfer="false" optional="false" type="data" size="374718"/>
    <uses file="fitID00021.txt" link="input" register="false" transfer="false" optional="false" type="data" size="269"/>
    <uses file="diffID00021.txt" link="input" register="false" transfer="false" optional="false" type="data" size="254522"/>
    <uses file="fitID00022.txt" link="input" register="false" transfer="false" optional="false" type="data" size="281"/>
    <uses file="diffID00022.txt" link="input" register="false" transfer="false" optional="false" type="data" size="230728"/>
    <uses file="fitID00023.txt" link="input" register="false" transfer="false" optional="false" type="data" size="282"/>
    <uses file="diffID00023.txt" link="input" register="false" transfer="false" optional="false" type="data" size="272645"/>
    <uses file="fitID00024.txt" link="input" register="false" transfer="false" optional="false" type="data" size="265"/>
    <uses file="diffID00024.txt" link="input" register="false" transfer="false" optional="false" type="data" size="322318"/>
    <uses file="fitID00025.txt" link="input" register="false" transfer="false" optional="false" type="data" size="270"/>
    <uses file="diffID00025.txt" link="input" register="false" transfer="false" optional="false" type="data" size="303248"/>
    <uses file="fitID00026.txt" link="input" register="false" transfer="false" optional="false" type="data" size="279"/>
    <uses file="diffID00026.txt" link="input" register="false" transfer="false" optional="false" type="data" size="234581"/>
    <uses file="fitID00027.txt" link="input" register="false" transfer="false" optional="false" type="data" size="272"/>
    <uses file="diffID00027.txt" link="input" register="false" transfer="false" optional="false" type="data" size="310493"/>
    <uses file="fitID00028.txt" link="input" register="false" transfer="false" optional="false" type="data" size="275"/>
    <uses file="diffID00028.txt" link="input" register="false" transfer="false" optional="false" type="data" size="291560"/>
    <uses file="fitID00029.txt" link="input" register="false" transfer="false" optional="false" type="data" size="264"/>
    <uses file="diffID00029.txt" link="input" register="false" transfer="false" optional="false" type="data" size="396853"/>
    <uses file="fitID00030.txt" link="input" register="false" transfer="false" optional="false" type="data" size="270"/>
    <uses file="diffID00030.txt" link="input" register="false" transfer="false" optional="false" type="data" size="244885"/>
    <uses file="fitID00031.txt" link="input" register="false" transfer="false" optional="false" type="data" size="280"/>
    <uses file="diffID00031.txt" link="input" register="false" transfer="false" optional="false" type="data" size="417204"/>
    <uses file="fitID00032.txt" link="input" register="false" transfer="false" optional="false" type="data" size="289"/>
    <uses file="diffID00032.txt" link="input" register="false" transfer="false" optional="false" type="data" size="261136"/>
    <uses file="fitID00033.txt" link="input" register="false" transfer="false" optional="false" type="data" size="282"/>
    <uses file="diffID00033.txt" link="input" register="false" transfer="false" optional="false" type="data" size="286310"/>
    <uses file="fitID00034.txt" link="input" register="false" transfer="false" optional="false" type="data" size="265"/>
    <uses file="diffID00034.txt" link="input" register="false" transfer="false" optional="false" type="data" size="250292"/>
    <uses file="fitID00035.txt" link="input" register="false" transfer="false" optional="false" type="data" size="277"/>
    <uses file="diffID00035.txt" link="input" register="false" transfer="false" optional="false" type="data" size="394231"/>
    <uses file="fitID00036.txt" link="input" register="false" transfer="false" optional="false" type="data" size="279"/>
    <uses file="diffID00036.txt" link="input" register="false" transfer="false" optional="false" type="data" size="395847"/>
    <uses file="fitID00037.txt" link="input" register="false" transfer="false" optional="false" type="data" size="274"/>
    <uses file="diffID00037.txt" link="input" register="false" transfer="false" optional="false" type="data" size="360339"/>
    <uses file="fitID00038.txt" link="input" register="false" transfer="false" optional="false" type="data" size="267"/>
    <uses file="diffID00038.txt" link="input" register="false" transfer="false" optional="false" type="data" size="271273"/>
    <uses file="fitID00039.txt" link="input" register="false" transfer="false" optional="false" type="data" size="276"/>
    <uses file="diffID00039.txt" link="input" register="false" transfer="false" optional="false" type="data" size="310028"/>
    <uses file="fitID00040.txt" link="input" register="false" transfer="false" optional="false" type="data" size="269"/>
    <uses file="diffID00040.txt" link="input" register="false" transfer="false" optional="false" type="data" size="191937"/>
    <uses file="fitID00041.txt" link="input" register="false" transfer="false" optional="false" type="data" size="276"/>
    <uses file="diffID00041.txt" link="input" register="false" transfer="false" optional="false" type="data" size="194021"/>
    <uses file="fitID00042.txt" link="input" register="false" transfer="false" optional="false" type="data" size="275"/>
    <uses file="diffID00042.txt" link="input" register="false" transfer="false" optional="false" type="data" size="301903"/>
    <uses file="fitID00043.txt" link="input" register="false" transfer="false" optional="false" type="data" size="275"/>
    <uses file="diffID00043.txt" link="input" register="false" transfer="false" optional="false" type="data" size="341553"/>
    <uses file="fitID00044.txt" link="input" register="false" transfer="false" optional="false" type="data" size="284"/>
    <uses file="diffID00044.txt" link="input" register="false" transfer="false" optional="false" type="data" size="211311"/>
    <uses file="fits.tbl" link="output" register="false" transfer="false" optional="false" type="data" size="7558"/>
  </job>
  <job id="ID00046" namespace="Montage" name="mBgModel" version="1.0" runtime="3.77">
    <uses file="pimages.tbl" link="input" register="true" transfer="true" optional="false" type="data" size="1508"/>
    <uses file="fits.tbl" link="input" register="false" transfer="false" optional="false" type="data" size="7558"/>
    <uses file="corrections.tbl" link="output" register="false" transfer="false" optional="false" type="data" size="478"/>
  </job>
  <job id="ID00047" namespace="Montage" name="mBackground" version="1.0" runtime="10.90">
    <uses file="corrections.tbl" link="input" register="false" transfer="false" optional="false" type="data" size="478"/>
    <uses file="p2mass-atlas-ID00000s-jID00000.fits" link="input" register="false" transfer="false" optional="false" type="data" size="4165595"/>
    <uses file="p2mass-atlas-ID00000s-jID00000_area.fits" link="input" register="false" transfer="false" optional="false" type="data" size="4165595"/>
    <uses file="c2mass-atlas-ID00000s-jID00000.fits" link="output" register="false" transfer="false" optional="false" type="data" size="4165595"/>
    <uses file="c2mass-atlas-ID00000s-jID00000_area.fits" link="output" register="false" transfer="false" optional="false" type="data" size="4165595"/>
  </job>
  <job id="ID00048" namespace="Montage" name="mBackground" version="1.0" runtime="10.69">
    <uses file="corrections.tbl" link="input" register="false" transfer="false" optional="false" type="data" size="478"/>
    <uses file="p2mass-atlas-ID00001s-jID00001.fits" link="input" register="false" transfer="false" optional="false" type="data" size="4158608"/>
    <uses file="p2mass-atlas-ID00001s-jID00001_area.fits" link="input" register="false" transfer="false" optional="false" type="data" size="4158608"/>
    <uses file="c2mass-atlas-ID00001s-jID00001_area.fits" link="output" register="false" transfer="false" optional="false" type="data" size="4158608"/>
    <uses file="c2mass-atlas-ID00001s-jID00001.fits" link="output" register="false" transfer="false" optional="false" type="data" size="4158608"/>
  </job>
  <job id="ID00049" namespace="Montage" name="mBackground" version="1.0" runtime="10.39">
    <uses file="corrections.tbl" link="input" register="false" transfer="false" optional="false" type="data" size="478"/>
    <uses file="p2mass-atlas-ID00002s-jID00002.fits" link="input" register="false" transfer="false" optional="false" type="data" size="4156592"/>
    <uses file="p2mass-atlas-ID00002s-jID00002_area.fits" link="input" register="false" transfer="false" optional="false" type="data" size="4156592"/>
    <uses file="c2mass-atlas-ID00002s-jID00002.fits" link="output" register="false" transfer="false" optional="false" type="data" size="4156592"/>
    <uses file="c2mass-atlas-ID00002s-jID00002_area.fits" link="output" register="false" transfer="false" optional="false" type="data" size="4156592"/>
  </job>
  <job id="ID00050" namespace="Montage" name="mBackground" version="1.0" runtime="10.87">
    <uses file="corrections.tbl" link="input" register="false" transfer="false" optional="false" type="data" size="478"/>
    <uses file="p2mass-atlas-ID00003s-jID00003.fits" link="input" register="false" transfer="false" optional="false" type="data" size="4167724"/>
    <uses file="p2mass-atlas-ID00003s-jID00003_area.fits" link="input" register="false" transfer="false" optional="false" type="data" size="4167724"/>
    <uses file="c2mass-atlas-ID00003s-jID00003_area.fits" link="output" register="false" transfer="false" optional="false" type="data" size="4167724"/>
    <uses file="c2mass-atlas-ID00003s-jID00003.fits" link="output" register="false" transfer="false" optional="false" type="data" size="4167724"/>
  </job>
  <job id="ID00051" namespace="Montage" name="mBackground" version="1.0" runtime="10.81">
    <uses file="corrections.tbl" link="input" register="false" transfer="false" optional="false" type="data" size="478"/>
    <uses file="p2mass-atlas-ID00004s-jID00004.fits" link="input" register="false" transfer="false" optional="false" type="data" size="4163319"/>
    <uses file="p2mass-atlas-ID00004s-jID00004_area.fits" link="input" register="false" transfer="false" optional="false" type="data" size="4163319"/>
    <uses file="c2mass-atlas-ID00004s-jID00004_area.fits" link="output" register="false" transfer="false" optional="false" type="data" size="4163319"/>
    <uses file="c2mass-atlas-ID00004s-jID00004.fits" link="output" register="false" transfer="false" optional="false" type="data" size="4163319"/>
  </job>
  <job id="ID00052" namespace="Montage" name="mBackground" version="1.0" runtime="10.52">
    <uses file="corrections.tbl" link="input" register="false" transfer="false" optional="false" type="data" size="478"/>
    <uses file="p2mass-atlas-ID00005s-jID00005.fits" link="input" register="false" transfer="false" optional="false" type="data" size="4146254"/>
    <uses file="p2mass-atlas-ID00005s-jID00005_area.fits" link="input" register="false" transfer="false" optional="false" type="data" size="4146254"/>
    <uses file="c2mass-atlas-ID00005s-jID00005.fits" link="output" register="false" transfer="false" optional="false" type="data" size="4146254"/>
    <uses file="c2mass-atlas-ID00005s-jID00005_area.fits" link="output" register="false" transfer="false" optional="false" type="data" size="4146254"/>
  </job>
  <job id="ID00053" namespace="Montage" name="mBackground" version="1.0" runtime="10.85">
    <uses file="corrections.tbl" link="input" register="false" transfer="false" optional="false" type="data" size="478"/>
    <uses file="p2mass-atlas-ID00006s-jID00006.fits" link="input" register="false" transfer="false" optional="false" type="data" size="4170572"/>
    <uses file="p2mass-atlas-ID00006s-jID00006_area.fits" link="input" register="false" transfer="false" optional="false" type="data" size="4170572"/>
    <uses file="c2mass-atlas-ID00006s-jID00006_area.fits" link="output" register="false" transfer="false" optional="false" type="data" size="4170572"/>
    <uses file="c2mass-atlas-ID00006s-jID00006.fits" link="output" register="false" transfer="false" optional="false" type="data" size="4170572"/>
  </job>
  <job id="ID00054" namespace="Montage" name="mBackground" version="1.0" runtime="10.96">
    <uses file="corrections.tbl" link="input" register="false" transfer="false" optional="false" type="data" size="478"/>
    <uses file="p2mass-atlas-ID00007s-jID00007.fits" link="input" register="false" transfer="false" optional="false" type="data" size="4182685"/>
    <uses file="p2mass-atlas-ID00007s-jID00007_area.fits" link="input" register="false" transfer="false" optional="false" type="data" size="4182685"/>
    <uses file="c2mass-atlas-ID00007s-jID00007_area.fits" link="output" register="false" transfer="false" optional="false" type="data" size="4182685"/>
    <uses file="c2mass-atlas-ID00007s-jID00007.fits" link="output" register="false" transfer="false" optional="false" type="data" size="4182685"/>
  </job>
  <job id="ID00055" namespace="Montage" name="mBackground" version="1.0" runtime="10.84">
    <uses file="corrections.tbl" link="input" register="false" transfer="false" optional="false" type="data" size="478"/>
    <uses file="p2mass-atlas-ID00008s-jID00008.fits" link="input" register="false" transfer="false" optional="false" type="data" size="4161592"/>
    <uses file="p2mass-atlas-ID00008s-jID00008_area.fits" link="input" register="false" transfer="false" optional="false" type="data" size="4161592"/>
    <uses file="c2mass-atlas-ID00008s-jID00008_area.fits" link="output" register="false" transfer="false" optional="false" type="data" size="4161592"/>
    <uses file="c2mass-atlas-ID00008s-jID00008.fits" link="output" register="false" transfer="false" optional="false" type="data" size="4161592"/>
  </job>
  <job id="ID00056" namespace="Montage" name="mImgTbl" version="1.0" runtime="3.28">
    <uses file="cimages.tbl" link="input" register="true" transfer="true" optional="false" type="data" size="1508"/>
    <uses file="c2mass-atlas-ID00000s-jID00000.fits" link="input" register="false" transfer="false" optional="false" type="data" size="4165595"/>
    <uses file="c2mass-atlas-ID00000s-jID00000_area.fits" link="input" register="false" transfer="false" optional="false" type="data" size="4165595"/>
    <uses file="c2mass-atlas-ID00001s-jID00001_area.fits" link="input" register="false" transfer="false" optional="false" type="data" size="4158608"/>
    <uses file="c2mass-atlas-ID00001s-jID00001.fits" link="input" register="false" transfer="false" optional="false" type="data" size="4158608"/>
    <uses file="c2mass-atlas-ID00002s-jID00002.fits" link="input" register="false" transfer="false" optional="false" type="data" size="4156592"/>
    <uses file="c2mass-atlas-ID00002s-jID00002_area.fits" link="input" register="false" transfer="false" optional="false" type="data" size="4156592"/>
    <uses file="c2mass-atlas-ID00003s-jID00003_area.fits" link="input" register="false" transfer="false" optional="false" type="data" size="4167724"/>
    <uses file="c2mass-atlas-ID00003s-jID00003.fits" link="input" register="false" transfer="false" optional="false" type="data" size="4167724"/>
    <uses file="c2mass-atlas-ID00004s-jID00004_area.fits" link="input" register="false" transfer="false" optional="false" type="data" size="4163319"/>
    <uses file="c2mass-atlas-ID00004s-jID00004.fits" link="input" register="false" transfer="false" optional="false" type="data" size="4163319"/>
    <uses file="c2mass-atlas-ID00005s-jID00005.fits" link="input" register="false" transfer="false" optional="false" type="data" size="4146254"/>
    <uses file="c2mass-atlas-ID00005s-jID00005_area.fits" link="input" register="false" transfer="false" optional="false" type="data" size="4146254"/>
    <uses file="c2mass-atlas-ID00006s-jID00006_area.fits" link="input" register="false" transfer="false" optional="false" type="data" size="4170572"/>
    <uses file="c2mass-atlas-ID00006s-jID00006.fits" link="input" register="false" transfer="false" optional="false" type="data" size="4170572"/>
    <uses file="c2mass-atlas-ID00007s-jID00007_area.fits" link="input" register="false" transfer="false" optional="false" type="data" size="4182685"/>
    <uses file="c2mass-atlas-ID00007s-jID00007.fits" link="input" register="false" transfer="false" optional="false" type="data" size="4182685"/>
    <uses file="c2mass-atlas-ID00008s-jID00008_area.fits" link="input" register="false" transfer="false" optional="false" type="data" size="4161592"/>
    <uses file="c2mass-atlas-ID00008s-jID00008.fits" link="input" register="false" transfer="false" optional="false" type="data" size="4161592"/>
    <uses file="newcimages.tbl" link="output" register="false" transfer="false" optional="false" type="data" size="3579"/>
  </job>
  <job id="ID00057" namespace="Montage" name="mAdd" version="1.0" runtime="5.44">
    <uses file="region.hdr" link="input" register="true" transfer="true" optional="false" type="data" size="304"/>
    <uses file="newcimages.tbl" link="input" register="false" transfer="false" optional="false" type="data" size="3579"/>
    <uses file="mosaic_ID00057_ID00057.fits" link="output" register="false" transfer="false" optional="false" type="data" size="70851210"/>
    <uses file="mosaic_ID00057_ID00057_area.fits" link="output" register="false" transfer="false" optional="false" type="data" size="70851210"/>
  </job>
  <job id="ID00058" namespace="Montage" name="mShrink" version="1.0" runtime="5.18">
    <uses file="mosaic_ID00057_ID00057.fits" link="input" register="false" transfer="false" optional="false" type="data" size="70851210"/>
    <uses file="mosaic_ID00057_ID00057_area.fits" link="input" register="false" transfer="false" optional="false" type="data" size="70851210"/>
    <uses file="shrunken_ID00058_ID00058.fits" link="output" register="false" transfer="false" optional="false" type="data" size="2835182"/>
  </job>
  <job id="ID00059" namespace="Montage" name="mJPEG" version="1.0" runtime="1.41">
    <uses file="shrunken_ID00058_ID00058.fits" link="input" register="false" transfer="false" optional="false" type="data" size="2835182"/>
    <uses file="shrunken_ID00058_ID00058.jpg" link="output" register="true" transfer="true" optional="false" type="data" size="779187"/>
  </job>
<!-- part 3: list of control-flow dependencies (may be empty) -->
  <child ref="ID00009">
    <parent ref="ID00003"/>
    <parent ref="ID00000"/>
  </child>
  <child ref="ID00010">
    <parent ref="ID00004"/>
    <parent ref="ID00000"/>
  </child>
  <child ref="ID00011">
    <parent ref="ID00005"/>
    <parent ref="ID00000"/>
  </child>
  <child ref="ID00012">
    <parent ref="ID00001"/>
    <parent ref="ID00000"/>
  </child>
  <child ref="ID00013">
    <parent ref="ID00002"/>
    <parent ref="ID00001"/>
  </child>
  <child ref="ID00014">
    <parent ref="ID00004"/>
    <parent ref="ID00001"/>
  </child>
  <child ref="ID00015">
    <parent ref="ID00005"/>
    <parent ref="ID00001"/>
  </child>
  <child ref="ID00016">
    <parent ref="ID00008"/>
    <parent ref="ID00001"/>
  </child>
  <child ref="ID00017">
    <parent ref="ID00002"/>
    <parent ref="ID00001"/>
  </child>
  <child ref="ID00018">
    <parent ref="ID00003"/>
    <parent ref="ID00002"/>
  </child>
  <child ref="ID00019">
    <parent ref="ID00005"/>
    <parent ref="ID00002"/>
  </child>
  <child ref="ID00020">
    <parent ref="ID00007"/>
    <parent ref="ID00002"/>
  </child>
  <child ref="ID00021">
    <parent ref="ID00003"/>
    <parent ref="ID00001"/>
  </child>
  <child ref="ID00022">
    <parent ref="ID00003"/>
    <parent ref="ID00002"/>
  </child>
  <child ref="ID00023">
    <parent ref="ID00006"/>
    <parent ref="ID00003"/>
  </child>
  <child ref="ID00024">
    <parent ref="ID00003"/>
    <parent ref="ID00007"/>
  </child>
  <child ref="ID00025">
    <parent ref="ID00003"/>
    <parent ref="ID00008"/>
  </child>
  <child ref="ID00026">
    <parent ref="ID00004"/>
    <parent ref="ID00000"/>
  </child>
  <child ref="ID00027">
    <parent ref="ID00004"/>
    <parent ref="ID00003"/>
  </child>
  <child ref="ID00028">
    <parent ref="ID00006"/>
    <parent ref="ID00004"/>
  </child>
  <child ref="ID00029">
    <parent ref="ID00004"/>
    <parent ref="ID00008"/>
  </child>
  <child ref="ID00030">
    <parent ref="ID00005"/>
    <parent ref="ID00001"/>
  </child>
  <child ref="ID00031">
    <parent ref="ID00005"/>
    <parent ref="ID00008"/>
  </child>
  <child ref="ID00032">
    <parent ref="ID00006"/>
    <parent ref="ID00000"/>
  </child>
  <child ref="ID00033">
    <parent ref="ID00006"/>
    <parent ref="ID00002"/>
  </child>
  <child ref="ID00034">
    <parent ref="ID00006"/>
    <parent ref="ID00003"/>
  </child>
  <child ref="ID00035">
    <parent ref="ID00006"/>
    <parent ref="ID00004"/>
  </child>
  <child ref="ID00036">
    <parent ref="ID00007"/>
    <parent ref="ID00000"/>
  </child>
  <child ref="ID00037">
    <parent ref="ID00003"/>
    <parent ref="ID00007"/>
  </child>
  <child ref="ID00038">
    <parent ref="ID00008"/>
    <parent ref="ID00007"/>
  </child>
  <child ref="ID00039">
    <parent ref="ID00008"/>
    <parent ref="ID00000"/>
  </child>
  <child ref="ID00040">
    <parent ref="ID00008"/>
    <parent ref="ID00002"/>
  </child>
  <child ref="ID00041">
    <parent ref="ID00004"/>
    <parent ref="ID00008"/>
  </child>
  <child ref="ID00042">
    <parent ref="ID00006"/>
    <parent ref="ID00008"/>
  </child>
  <child ref="ID00043">
    <parent ref="ID00008"/>
    <parent ref="ID00007"/>
  </child>
  <child ref="ID00044">
    <parent ref="ID00008"/>
  </child>
  <child ref="ID00045">
    <parent ref="ID00028"/>
    <parent ref="ID00027"/>
    <parent ref="ID00026"/>
    <parent ref="ID00025"/>
    <parent ref="ID00009"/>
    <parent ref="ID00029"/>
    <parent ref="ID00020"/>
    <parent ref="ID00042"/>
    <parent ref="ID00041"/>
    <parent ref="ID00040"/>
    <parent ref="ID00024"/>
    <parent ref="ID00023"/>
    <parent ref="ID00022"/>
    <parent ref="ID00044"/>
    <parent ref="ID00021"/>
    <parent ref="ID00043"/>
    <parent ref="ID00017"/>
    <parent ref="ID00039"/>
    <parent ref="ID00016"/>
    <parent ref="ID00038"/>
    <parent ref="ID00015"/>
    <parent ref="ID00037"/>
    <parent ref="ID00014"/>
    <parent ref="ID00036"/>
    <parent ref="ID00019"/>
    <parent ref="ID00018"/>
    <parent ref="ID00031"/>
    <parent ref="ID00030"/>
    <parent ref="ID00013"/>
    <parent ref="ID00035"/>
    <parent ref="ID00012"/>
    <parent ref="ID00034"/>
    <parent ref="ID00011"/>
    <parent ref="ID00033"/>
    <parent ref="ID00010"/>
    <parent ref="ID00032"/>
  </child>
  <child ref="ID00046">
    <parent ref="ID00045"/>
  </child>
  <child ref="ID00047">
    <parent ref="ID00046"/>
    <parent ref="ID00000"/>
  </child>
  <child ref="ID00048">
    <parent ref="ID00046"/>
    <parent ref="ID00001"/>
  </child>
  <child ref="ID00049">
    <parent ref="ID00046"/>
    <parent ref="ID00002"/>
  </child>
  <child ref="ID00050">
    <parent ref="ID00003"/>
    <parent ref="ID00046"/>
  </child>
  <child ref="ID00051">
    <parent ref="ID00004"/>
    <parent ref="ID00046"/>
  </child>
  <child ref="ID00052">
    <parent ref="ID00005"/>
    <parent ref="ID00046"/>
  </child>
  <child ref="ID00053">
    <parent ref="ID00006"/>
    <parent ref="ID00046"/>
  </child>
  <child ref="ID00054">
    <parent ref="ID00007"/>
    <parent ref="ID00046"/>
  </child>
  <child ref="ID00055">
    <parent ref="ID00008"/>
    <parent ref="ID00046"/>
  </child>
  <child ref="ID00056">
    <parent ref="ID00049"/>
    <parent ref="ID00048"/>
    <parent ref="ID00047"/>
    <parent ref="ID00053"/>
    <parent ref="ID00052"/>
    <parent ref="ID00051"/>
    <parent ref="ID00050"/>
    <parent ref="ID00055"/>
    <parent ref="ID00054"/>
  </child>
  <child ref="ID00057">
    <parent ref="ID00056"/>
  </child>
  <child ref="ID00058">
    <parent ref="ID00057"/>
  </child>
  <child ref="ID00059">
    <parent ref="ID00058"/>
  </child>
</adag>
